net,length_um
net27,1310.81
net13,1299.8
_05467_,1231.26
net1,1207.97
net62,1171.4
net64,1162.21
net44,1144.34
net14,1122.16
net19,1117.54
net127,1099.28
net52,1092.85
net31,1080.715
net33,1045.345
net11,1025.68
net36,1016.6
_05388_,1009.82
net10,995.1
net17,986.07
_05468_,979.04
_01356_,968.95
net56,967.78
net22,967.38
net55,962.98
net46,962
net3,960.99
net37,942.49
net47,941.3
net58,910.875
_03172_,901.94
net6,899.15
net98,896.92
net78,889.62
net63,883.96
net18,877.18
net38,861.6
net16,858.16
_05637_,854.28
_05541_,853.92
_02228_,849.28
net15,841.54
net35,839.44
_00319_,839.22
_02051_,837.88
net34,822.96
_02052_,817
net43,798.5
net76,796.14
_01849_,792.955
_03736_,784.145
_05574_,780.875
_00439_,776.945
_00041_,776.33
_02045_,772.35
_01050_,768.975
_00623_,765.795
_01497_,760.12
_00340_,754.66
_00076_,740.37
net53,739.86
_00409_,738.985
_00985_,738.105
_00762_,736.575
_01800_,733.76
_03478_,733.74
net9,730.38
_03675_,726.66
_00428_,724.92
_01935_,722.46
net29,720
_00843_,718.34
_00237_,713.28
_04596_,713.07
_03627_,711.665
_02865_,709.92
_00624_,708.8
_03027_,708.39
net59,706.42
_01357_,706.32
_02174_,704.96
net12,704.78
net57,702.66
_03178_,701.32
_02695_,700.6
_03247_,700.02
net60,697.14
_01039_,691.505
net4,691.34
_04085_,690.015
net50,689.18
_05320_,687.575
_00657_,687.495
_00283_,686.58
_03294_,686.45
net42,685.78
net8,684.76
net5,684.66
_02677_,684
_02864_,683.945
_00974_,677.89
_04998_,676.74
_02400_,672.65
_00355_,671.78
_05311_,670.935
_03572_,669.56
_02161_,668.01
_00152_,667.02
_01978_,663.22
_01651_,659.455
net2,656.75
_05589_,653.52
_04585_,651.66
_03171_,650.52
_04922_,650.23
_01782_,650.175
_05410_,649.825
_02866_,648.71
_03026_,647.165
_00042_,644.54
_00799_,643.775
_03583_,643.15
_03365_,641.52
net40,641.5
_02227_,641.28
_03807_,638.25
_05557_,637.8
_00143_,637.55
net88,635.74
net39,634.74
net119,630.1
_05419_,623.53
_00356_,617.7
_02251_,616.77
net7,616.17
_01662_,615.555
_05463_,614.73
_00548_,613.24
_02230_,611.33
net48,609.48
_00751_,609.425
_00646_,609.12
_03310_,600.5
_05636_,600.04
net148,596.64
_00138_,594.5
net150,592.98
_02764_,592.56
_00526_,592.18
net174,592.02
_03052_,592
net130,590.86
_04552_,589.9
net156,589.64
net184,589.26
net138,588.6
_01620_,588.42
_01171_,588.1
net168,587.68
net146,587.54
_05656_,587.43
_03091_,586.825
_00461_,586.1
_02447_,586.05
_05304_,585.17
net152,584.96
net155,584.38
net161,584.18
net151,582.6
_03373_,581.8
net51,579.42
_04531_,579.04
_02840_,578.52
net61,577.96
_05308_,575.98
_02862_,575.54
_03321_,574.255
_03080_,572.005
net132,570.94
_02236_,570.775
_04889_,568.72
net41,568.58
net192,568
net115,567.58
_00495_,567.53
_05676_,566.37
net147,565.14
_03012_,565.06
_01977_,562.64
_03341_,559.85
_01980_,559.49
_01249_,559.365
_00504_,559.12
net167,558.9
_01441_,558.88
net137,558.38
net140,556.88
net145,556.74
net142,556.38
net49,555.46
_02868_,553.36
net134,552.78
net100,552.64
net158,552.3
net149,552.2
net166,552.18
net69,551.06
net54,550.04
net65,550
net129,549.32
net82,549.22
net144,549.06
net157,548.69
net165,548.26
net153,547.98
net223,547.86
net135,547.74
net30,546.76
_00496_,546.34
_01771_,546.12
_00690_,545.925
_02065_,541.28
_02178_,541.23
_01221_,537.325
_05307_,536.37
_00635_,536.32
_04737_,535.08
_03834_,534.28
net185,533.02
_00269_,531.47
net162,530.54
_03690_,530.16
_01042_,528.88
_05551_,526.055
_03030_,523.76
_02197_,523.68
_00609_,523.56
_04878_,522.31
_03100_,522.08
net139,521.86
_00139_,521.84
_03006_,521.47
net77,520.02
_02054_,519.75
_02850_,519.72
_02345_,518.97
_00896_,517.12
_03616_,516.61
net94,515.99
_05464_,514.32
_04976_,514.2
_03791_,514.17
_02384_,513.04
_02232_,511.06
_01949_,510.2
_05305_,510
_02838_,508.68
net143,507.94
_01898_,506.3
_05553_,506.27
net45,504.86
_05659_,504.69
_04900_,502.94
_00395_,502.69
net170,501.42
_03297_,501.04
net131,500.36
net80,498.62
_01041_,498.22
_03396_,494.335
_01552_,493.42
_02947_,493.3
_05655_,493.3
_02173_,491.72
_00963_,491.71
net141,490.36
_05008_,490.34
net20,490.24
_01610_,490.23
_04748_,489.82
_00488_,488.625
_02721_,485.96
_00668_,485.895
net136,485.52
_02351_,485.36
_03201_,485.315
net133,485.29
net28,485.28
net70,484.5
_04716_,483.98
_03827_,483.31
_01192_,482.2
_00754_,482.04
net21,482
_02626_,481.245
_02302_,480.74
_00406_,479.805
_01605_,479.8
_00038_,478.7
_00330_,477.43
net323,476.74
_02516_,475.815
_05310_,475.79
_02219_,475.01
_03489_,474.95
_00987_,474.78
_02732_,473.66
_03440_,473.46
_03288_,473.06
_01903_,472.69
_02919_,472.31
_01181_,471.995
_02325_,469.66
_01247_,469.54
_03324_,468.14
_00384_,466.99
net26,466.82
_01007_,466.64
net172,465.98
_04042_,465.74
_05585_,464.41
_02163_,462.64
_02281_,460.5
_05497_,459.235
_00753_,458.815
_04543_,457.98
_00908_,456.31
_05686_,455.9
_00344_,454.11
_01606_,453.14
_05539_,448.845
_00034_,447.96
net32,445.56
_03649_,445.01
net75,444.36
_02751_,443.74
_00533_,439.445
_02105_,435.905
_04781_,434.22
_02645_,433.58
_03605_,433.06
_00294_,432.62
_00537_,432.5
_00546_,432.42
_00614_,430.72
net68,429.06
_05552_,428.36
net23,427.82
_03780_,425.06
_01503_,424.62
_01864_,424.02
_00748_,423.05
_00089_,422.91
net118,422.05
_00558_,421.98
_03085_,420.92
_01682_,420.81
_04770_,419.66
net305,419.29
net111,419.04
_05486_,418.46
_05284_,416.32
_02666_,415.745
_00362_,414.645
_00914_,413.73
net74,413
_03433_,412.185
_01500_,411.975
_00747_,411.015
_02459_,410.43
_02113_,409.4
_00346_,408.56
_00349_,406.46
_05502_,406.06
_00348_,405.69
net25,404.86
_00087_,404.755
_02984_,403.95
net99,403.9
_01414_,403.52
_02941_,403.36
_04726_,403.04
_01379_,402.78
_03255_,402.65
_00610_,402.465
_03387_,402.24
_00411_,401.66
_00187_,401
_01604_,400.24
_03323_,400.1
_00236_,399.535
_03332_,399.22
_03015_,397.4
net97,396.04
_00350_,394.68
net187,394.2
net186,391.9
_05319_,391.62
_00297_,390.08
net109,389.6
_05689_,388.51
net96,388.33
_02104_,388.31
_00898_,388
_01502_,386.82
_02321_,386.44
_00686_,384.68
_00392_,384.48
_03574_,383.56
_00373_,383.245
net93,382.97
net101,382.84
net300,382.08
_02812_,381.1
_02492_,380.36
net103,379.38
net112,378.62
_04542_,377.66
_03856_,377.09
_00150_,376.19
_02064_,376.05
_03254_,375.41
_00387_,374.86
_04074_,374.3
_00358_,373.82
_01603_,373.55
_04157_,373.42
_05343_,371.75
_00798_,370.18
_00895_,369.895
_02723_,369.58
_00084_,366.82
_02837_,366.56
_00758_,365.36
net87,364.02
net95,362.62
_05327_,362.56
_03084_,361.78
_04724_,361.23
net84,361
_02813_,360.16
_05550_,358.955
_05030_,358.86
_01236_,358.8
_02576_,358.7
_02976_,357.59
_02699_,356.51
net169,354.24
_04550_,353.74
_00617_,353.68
net116,351.86
_02134_,351.74
net154,349.57
_05387_,349.52
_02060_,344.38
_00802_,343.8
_01805_,343.61
_02667_,343.44
_00515_,341.66
_00605_,341.22
_03376_,341.08
_01185_,340.75
_02141_,339.98
_05593_,339.86
net175,337.8
_00308_,337.72
net83,335.93
_04705_,335.54
_01856_,335.01
_01040_,333.56
_02234_,333.18
_05540_,332.565
_04638_,331.48
_02185_,330.84
_01760_,330.805
_02061_,328.61
net259,328.14
_00556_,328.11
_00494_,327.8
_00033_,327.4
_01580_,326.82
_00893_,326.69
_01671_,326.48
_00343_,326.14
net188,325.56
_05416_,325.38
_01335_,324.98
net128,324.68
net286,323.74
net66,323.55
net258,323.26
_01501_,322.84
_00094_,322.54
_00421_,322.48
net189,321.44
_01353_,320.645
_04564_,320.16
_02160_,318.54
_02551_,317.48
_01588_,317.2
_00615_,316.5
net67,315.82
_00918_,315
_02458_,314.9
_01284_,314.38
_01046_,314.18
_00189_,310.92
_05693_,309.94
_00151_,309.58
net228,309.48
net104,309.1
_01759_,306.5
_04520_,305.8
_02208_,305.58
_01060_,305.55
net120,304.66
_01673_,303.91
_02843_,303.26
_03004_,302.12
_01486_,301.92
_02981_,300.44
_01762_,299.92
_00498_,299.41
_00983_,295.81
_04873_,294.7
_02408_,294.04
_01194_,293.04
_00611_,292.56
_00240_,291.59
_04040_,291.055
_01338_,289.52
_01680_,289.28
_01109_,289.105
net107,289.04
_05423_,288.86
_00472_,287.665
_00765_,287.52
_01675_,287.1
_05318_,286.12
_01943_,284.72
_01047_,280.52
_05341_,280.45
_02376_,280.42
net310,279.89
_02705_,279.2
_00688_,278.67
_03120_,276.97
_00235_,276.36
_02944_,276.3
_02943_,275.82
_00627_,275
_00894_,273.34
net160,273
_01582_,272.445
_02513_,272.41
_01499_,268.88
_00195_,268.66
_00679_,268.595
_04043_,266.98
_01355_,266.2
_02646_,265.705
net114,265.02
_01278_,264.2
_01674_,263.7
_03216_,262.28
_02320_,261.805
_02108_,261.655
_01798_,261.125
_00252_,261.1
_03119_,260.92
_00351_,259.44
_00232_,258.38
net164,258.22
_00767_,258.1
_03490_,257.36
_02846_,257.24
_00233_,257.06
_00086_,255.88
_02529_,254.76
_01449_,254.62
_00750_,254.505
_02640_,252.84
_02378_,252.58
_01553_,252.38
_02553_,252.2
_03491_,251.895
_05345_,251.72
_01187_,250.87
_03343_,249.8
_00450_,249.105
_00925_,249
_02036_,248.98
_00048_,248.61
_04196_,247.68
_04374_,246.54
_05635_,245.14
net79,243.94
net81,242.61
_00345_,242.46
_00830_,241.935
_01852_,234.24
_03524_,234.03
_00035_,233.84
_01385_,233.14
_00559_,232.43
_03672_,232.36
net72,230.88
_00179_,230.2
_01853_,230.12
_00165_,229.42
_00810_,229.375
_04505_,229.335
_01850_,228.56
_03480_,228.16
_00408_,227.82
net92,227.64
_03618_,226.985
_00243_,226.8
_04800_,226.4
_02110_,225.3
net106,222.75
_04197_,222.2
_04732_,222.04
_05640_,222.04
_02136_,221.99
net110,221.92
_05425_,220.38
_02041_,220.24
_03124_,219.98
_00154_,219.36
_01182_,218.38
_00924_,217.6
_00238_,217.17
_02936_,216.48
_03223_,215.28
_03872_,214.45
_02177_,213.5
_00485_,213.18
_05288_,212.9
_03612_,212.56
_04275_,211.73
_02641_,211.695
_01416_,211.61
_04802_,211.56
_01344_,210.85
net121,210.84
_01508_,210.315
net319,209.86
_00626_,209.52
_04093_,209.52
_01520_,209.08
_00412_,208.54
net208,208.26
_05391_,208.16
_03237_,208.05
_03866_,207.8
_01964_,207.45
_01074_,207.32
_02548_,205.68
_03145_,205.64
_05627_,205.16
_03751_,204.96
_01252_,204.68
_01619_,204.68
_00354_,204.425
_00832_,203.76
_03985_,203.26
_02374_,202.6
net24,202.58
_01114_,201.905
_00837_,201.04
_01783_,201.02
_01704_,200.88
_01976_,200.68
_02692_,200.395
_03986_,200.38
_03611_,199.78
_03238_,199.34
_02079_,196.8
_01748_,195.05
_01438_,194.96
_01888_,194.68
_02894_,194.32
_00050_,194.26
_01566_,193.755
_01887_,193.42
_00248_,193.28
_00612_,193.26
_04050_,192.86
_05622_,192.46
net309,191.1
_01140_,190.58
_00197_,190.18
_01750_,188.98
_04092_,188.84
_02129_,188.4
_04301_,187.38
_04883_,186.785
_02080_,185.86
_05696_,185.58
_01219_,184.255
net90,183.94
_00361_,182.64
_02636_,182.54
_01339_,182.34
_03865_,182.18
_02810_,181.44
_04105_,180.34
_01337_,180.22
_05424_,179.98
_00493_,178.94
net91,178.16
_03273_,178
_00249_,177.81
_02133_,177.64
_03398_,176.28
_01354_,175.56
_04870_,175.44
_02157_,175.18
net86,175.06
net117,174.84
_04587_,174.54
_00577_,173.64
_03274_,173.325
_00641_,172.9
_02055_,172.6
_02233_,172.48
_03960_,171.06
_04866_,170.04
_05658_,169.94
_04165_,169.86
net163,169.12
net108,169.06
_01987_,168.965
_04931_,168.9
_00547_,168.5
_00442_,168.48
_03191_,168.37
_04488_,168.24
_02965_,168.02
_02469_,167.22
_05470_,167.15
_01597_,166.62
_00268_,165.88
_04721_,164.92
_00782_,164.9
_00059_,164.84
_02827_,163.86
_01447_,163.54
net337,163.33
_01916_,162.86
_02995_,162.72
_03579_,162.32
_00443_,160.96
net122,160.84
_00581_,160.665
_05022_,160.09
_02102_,160
_04862_,159.78
_02983_,159.38
_05484_,159.22
_00854_,158.42
_04720_,158.04
_02595_,157.2
_00578_,156.5
_00565_,155.7
_03339_,155.7
_01732_,155.65
_02000_,154.735
_03354_,154.6
_00783_,154.56
_00940_,152.88
_04404_,152.64
_02390_,152.58
_05643_,152.42
_00642_,151.28
_02296_,150.54
_00075_,149.38
_00882_,148.26
_01567_,148.16
_05545_,147.9
_04549_,147.76
net85,147.4
_02427_,147.18
_03811_,147.16
_03638_,147
net224,145.12
_01421_,145.04
_04863_,144.92
_02186_,144.46
_03845_,143.92
_02600_,143.9
_03438_,143.66
_04855_,143.66
_02231_,143.34
_02990_,143.26
_01286_,142.8
_02387_,142.76
_00991_,142.72
_05383_,142.62
_04489_,142.3
_03296_,142.18
_04859_,142.18
_04403_,141.7
_00430_,141.64
_03070_,141.54
_01683_,139.83
_05412_,139.76
_00207_,138.66
_00695_,138.535
_03934_,138.52
_03532_,138.345
_02991_,138.29
net102,138
_04300_,136.8
_04901_,136.5
_03594_,134.62
_03814_,134.26
_03697_,134.055
_03505_,133.86
_02392_,133.82
_00367_,133.34
_03204_,133.16
_04155_,132.84
_01131_,132.48
_01938_,132.48
_04544_,132.26
_03147_,132.24
_01941_,132.2
_03386_,132.06
_05406_,131.88
_02007_,131.46
_04154_,131.26
_02120_,131.12
_02271_,131.1
_00529_,130.8
_03836_,130.46
_01259_,130.36
_00887_,130.16
net159,130
_03011_,129.66
_04872_,129.62
_05491_,129.6
_00801_,128.24
_04586_,128
_05645_,127.7
_05559_,127.58
_00839_,127.16
_02467_,127.12
_00942_,126.52
_02710_,125.85
_03277_,125.24
_03767_,124.98
_02835_,124.5
_00178_,124.48
_00208_,124.195
_04743_,123.56
_03506_,123.28
_03824_,123.26
_02319_,123.125
_04850_,122.86
_02720_,122.76
_04156_,122.61
_02890_,122.36
_01884_,122.275
_00821_,122.14
_04057_,121.77
_03933_,121.62
_05033_,121.09
_02960_,120.82
_00835_,120.81
_00423_,120.57
_04887_,120.36
_05384_,119.96
_02155_,119.66
_03950_,119.605
net73,119.26
_04759_,118.94
_05041_,118.9
_03955_,118.66
_04715_,118.62
_01266_,118.28
_03703_,118.13
_02081_,118.08
_05691_,117.66
_05499_,117.6
_01065_,117.42
_04305_,117.32
_01865_,116.16
_01132_,116.05
_05019_,115.52
_05344_,115.38
_03893_,114.955
_00368_,114.18
_00709_,114.18
_04058_,114.04
_03718_,113.74
_03867_,113.6
_00660_,113.52
_03054_,113.38
_00602_,113.32
_01408_,112.82
_01824_,112.68
_01823_,112.5
_00092_,112.16
_03877_,111.62
_00081_,111.56
_03640_,111.56
_05471_,111.36
_02954_,111.21
_02082_,111.1
_02254_,110.915
net340,110.82
_05339_,110.78
_03074_,110.72
_04481_,110.7
_05405_,110.26
_02152_,110.08
_05695_,110.07
_00853_,110
_02069_,110
_05346_,109.98
_00275_,109.78
_01795_,109.74
net302,109.7
_00314_,109.64
_01432_,109.62
_00710_,109.58
_02008_,109.54
_03320_,109.3
_05485_,109.22
_01222_,108.76
_04926_,108.62
_00391_,108.56
_04003_,108.3
_00563_,108.28
_01008_,108.24
_01243_,108.18
_01018_,108.14
_03413_,108.1
_04139_,107.7
_02206_,106.86
_01886_,106.84
_04897_,106.6
_02205_,106.44
_05697_,106.06
_04448_,105.67
_05555_,105.655
_03110_,105.615
_01423_,105.19
_00813_,105.125
_03570_,105.04
net316,104.82
net252,104.04
_04120_,103.795
_02398_,103.66
_04536_,102.96
_02897_,102.9
_02544_,102.74
_01134_,102.24
_03309_,101.86
_03957_,101.82
_00855_,101.3
_05542_,101.175
_00968_,101.04
_00313_,100.62
_03832_,100.4
_02358_,100.2
_04286_,100.2
_03812_,100.06
_01946_,99.71
_04063_,99.575
_00285_,99.34
_03483_,99.3
_01274_,99.2
_02787_,98.94
_01793_,98.88
_04694_,98.84
_04792_,98.6
_01644_,98.54
_01075_,98.52
_05476_,98.36
_02770_,98.02
_02854_,97.76
_01491_,97.56
net294,97.34
_01282_,97.29
_04920_,97.14
net89,97.12
_01086_,97.075
_04182_,96.24
_03881_,96.16
_01228_,95.98
_05114_,95.88
_03847_,95.68
_03695_,95.15
_03421_,94.9
_01257_,94.82
_02480_,94.8
_04892_,94.69
_01431_,94.48
_00347_,94.34
_02688_,94.34
_02229_,94.28
_04478_,94.08
_04623_,94.06
_00274_,93.98
_04830_,93.62
_00553_,93.34
_01960_,93.04
_03945_,92.96
_00402_,92.68
_01542_,92.52
_01962_,92.5
_00865_,92.48
_03912_,92.38
_03459_,92.315
_04369_,92.3
_01395_,92.14
_05426_,92.08
_03115_,91.71
_03776_,91.62
_03418_,91.58
_04480_,91.52
_01242_,91.495
_03112_,91.46
_04798_,91.04
_01097_,91
_02403_,90.92
_03317_,90.74
_03674_,90.66
_00969_,90.6
_00929_,90.52
_02547_,90.52
_03946_,90.06
_00102_,89.8
_02327_,89.795
_00171_,89.57
_03680_,89.375
_00989_,89.22
_03562_,89.16
_03013_,89.1
_00509_,89.08
_04438_,88.64
_04667_,88.6
_00955_,88.3
_02256_,88.22
_01082_,88.18
_01081_,88.12
_02490_,87.88
_03153_,87.78
_04144_,87.78
_05584_,87.68
_03069_,87.42
_05421_,87.32
_01669_,87.22
_00510_,87.14
_00103_,87.12
_03439_,87.1
_01240_,87.085
_01220_,87
_03701_,86.92
_03022_,86.8
_02618_,86.78
_02664_,86.62
_03101_,86.6
_05342_,86.56
_00299_,86.525
_00981_,86.4
_03163_,86.4
_04447_,86.34
_02855_,86.16
_00693_,85.98
_00158_,85.54
_04899_,85.32
_00888_,85.3
_03538_,85.21
_00284_,85.12
_05575_,85.04
_03951_,84.98
_00828_,84.54
_04813_,84.5
net113,84.2
_03024_,84.015
_00945_,83.96
_00467_,83.76
_00039_,83.52
_01049_,83.44
_03340_,83.38
_03165_,83.36
_04967_,83.22
_02713_,83.2
_03670_,83.18
_00352_,83.1
_03641_,83.085
_04629_,83.06
_01112_,83.02
_05459_,82.9
_01802_,82.8
_04047_,82.6
_03777_,82.46
_01469_,82.37
_04906_,82.34
_03154_,82.26
_04004_,82.185
_03348_,82.16
_04590_,82.14
_03768_,82.02
_05322_,82.02
_03732_,81.84
_01396_,81.78
_04067_,81.72
net320,81.68
_03700_,81.64
_00849_,81.6
_05642_,81.42
_03699_,81.38
_04149_,81.26
_01643_,81.12
_00850_,80.82
_00676_,80.8
_03599_,80.76
_04556_,80.76
_04271_,80.64
_03360_,80.48
_04710_,80.3
_03258_,80.12
_01753_,80.11
_00707_,79.84
_03179_,79.52
_03349_,79.4
_01099_,79.28
_03676_,79.26
_00665_,79.04
_03457_,78.76
_02886_,78.7
_04269_,78.68
_02570_,78.6
_03256_,78.42
_01625_,78.32
_05536_,78.32
_03924_,78.26
_01696_,78.02
_00311_,77.84
_05299_,77.82
_00471_,77.8
_02745_,77.72
_01778_,77.68
_05448_,77.66
_01009_,77.44
_04251_,77.42
_05266_,77.42
_01028_,77.03
_04046_,76.94
_00040_,76.87
_04391_,76.86
_05698_,76.74
_03879_,76.58
_00310_,76.44
net71,76.34
_00771_,76.275
net105,76.2
_04026_,76.125
_00873_,76.1
_01229_,76
_04548_,75.94
_05390_,75.94
_04831_,75.84
_01931_,75.82
_03541_,75.725
_02364_,75.56
_03230_,75.16
_01403_,75.1
_00608_,75.06
_01241_,74.88
_03267_,74.74
_04121_,74.62
_02542_,74.61
_04377_,73.94
_00043_,73.78
_04151_,73.76
_05699_,73.74
_04217_,73.72
_04993_,73.66
_01572_,73.625
_03000_,73.62
_01512_,73.6
_03739_,73.44
_01932_,73.27
_03626_,73.24
_00169_,73.2
_00786_,73.16
_04288_,72.96
_02742_,72.92
_05398_,72.92
_05325_,72.86
_02836_,72.68
_02436_,72.52
_01708_,72.44
_04563_,72.44
_01163_,72.28
_01146_,72.16
_01238_,72.07
_04104_,72.02
_01304_,71.98
_03709_,71.96
_00069_,71.94
_01351_,71.78
_00278_,71.74
_05332_,71.64
_03208_,71.52
_02517_,71.46
_01780_,71.3
_03929_,71.22
_00032_,71.08
_00803_,71.04
_01587_,70.82
_04250_,70.8
_04316_,70.78
_03364_,70.76
_02375_,70.69
_01721_,70.57
_04541_,70.5
_00542_,70.42
_00949_,70.4
_05456_,70.24
_02858_,70.06
_05303_,70.06
_01397_,69.86
_02405_,69.74
_02093_,69.72
_00966_,69.59
_00398_,69.5
_02396_,69.14
_03894_,68.84
_01052_,68.78
_02262_,68.76
_00808_,68.75
_01233_,68.7
_00105_,68.64
_03493_,68.62
_00666_,68.46
_03628_,68.46
_00815_,68.4
_04214_,68.34
_01766_,68.16
_03047_,68
_03316_,67.98
_02689_,67.86
_03660_,67.82
_03559_,67.54
_05328_,67.46
_01470_,67.44
_02058_,67.42
_04417_,67.42
_04395_,67.2
net342,67.12
_05397_,67.08
_00030_,67
_00301_,66.86
_01104_,66.83
_04879_,66.8
_04108_,66.735
_00183_,66.64
_02671_,66.62
_00446_,66.305
_00447_,66.16
_01310_,66.06
_01309_,66.055
_03488_,66
_02949_,65.98
net254,65.94
_04107_,65.6
_03002_,65.52
_03623_,65.42
_04106_,65.42
_02769_,65.32
_05300_,65.26
_01083_,65.24
_01510_,65.22
_04326_,65.14
_00586_,65.135
_01598_,65.12
_04602_,65.06
_04877_,64.94
_00200_,64.84
_00371_,64.84
_00223_,64.82
_01785_,64.82
_03603_,64.785
_04752_,64.735
_03835_,64.6
_01466_,64.56
_05526_,64.56
_00708_,64.52
_03581_,64.48
_01303_,64.42
_03492_,64.42
_01365_,64.28
_03019_,64.16
_03330_,64.16
_02955_,64.12
_04152_,64.12
_02070_,64.11
_05568_,64.08
_04232_,64
_02993_,63.92
_04148_,63.82
_04780_,63.82
_04221_,63.805
_03417_,63.76
_02594_,63.72
_05013_,63.7
_04738_,63.66
_05055_,63.46
_02524_,63.44
_02860_,63.42
_03487_,63.42
_05140_,63.18
_04914_,63.14
_04439_,63.08
_00074_,63.02
_01918_,63.02
_01896_,63.015
_02024_,63.01
_00800_,62.88
_03209_,62.86
_03925_,62.86
_02597_,62.84
_01164_,62.68
_01091_,62.6
_00255_,62.59
_01573_,62.58
_02001_,62.5
_00511_,62.44
_01465_,62.4
_04634_,62.36
_05500_,62.24
_01528_,62.18
_05672_,62.12
_01858_,62.08
_00410_,62.04
_03399_,62.04
_01155_,62
_01700_,61.96
_05175_,61.9
_03737_,61.74
_03501_,61.705
_04330_,61.64
net204,61.6
_03381_,61.545
_02652_,61.54
_02884_,61.3
_05671_,61.24
_00716_,61.2
_03975_,61.1
_04654_,60.98
_04350_,60.88
_02637_,60.84
_00912_,60.76
_04376_,60.72
_00816_,60.7
_04224_,60.58
_05512_,60.56
_00199_,60.48
_01426_,60.48
_00071_,60.46
_01262_,60.44
_04761_,60.42
_01006_,60.32
net123,60.28
_01147_,59.9
_00399_,59.8
_01005_,59.8
_00403_,59.76
_02727_,59.76
_02338_,59.705
_05293_,59.62
_02497_,59.52
_05225_,59.46
_02213_,59.32
_03213_,59.28
_04013_,59.26
_01559_,59.075
_02032_,59.04
_02912_,58.96
_03685_,58.945
_02147_,58.84
_02212_,58.82
_03882_,58.74
_00819_,58.56
net283,58.54
_04075_,58.48
_05253_,58.38
_04249_,58.3
_01889_,58.24
_05571_,58.24
_03079_,58.22
_04024_,58.22
_04011_,58.21
_00814_,58.18
_01301_,58.14
_02573_,58.12
_03707_,57.92
_04223_,57.92
_02748_,57.9
_03445_,57.9
_01591_,57.88
_03664_,57.86
_00856_,57.855
_02203_,57.84
_00787_,57.74
_01647_,57.72
_01907_,57.7
_01648_,57.68
_01216_,57.56
_03637_,57.56
_03510_,57.54
_03848_,57.5
_04445_,57.5
_04512_,57.46
_05329_,57.42
_03269_,57.405
_03625_,57.38
_00372_,57.16
_03017_,57.12
_01180_,57.06
_02204_,57.04
_04064_,56.92
_04685_,56.82
_04212_,56.78
_04133_,56.745
_03018_,56.62
_03815_,56.6
_02958_,56.54
_04785_,56.54
_01110_,56.5
_02399_,56.46
_03446_,56.46
_00899_,56.36
_03720_,56.34
_04420_,56.32
_04762_,56.32
_00685_,56.24
_02043_,56.22
_03549_,56.1
_04096_,56.1
_05610_,56.09
_00318_,56.08
_00193_,56.03
_04605_,55.97
_04128_,55.94
_04008_,55.935
_02372_,55.93
_02182_,55.9
_00794_,55.88
_01890_,55.86
_02172_,55.76
_01736_,55.74
_02010_,55.74
_00072_,55.68
_00170_,55.66
_04601_,55.64
_00427_,55.55
_02690_,55.54
_03205_,55.49
_04142_,55.48
_00231_,55.455
_01196_,55.42
_00465_,55.4
_03366_,55.32
_00106_,55.26
_05675_,55.24
_04213_,55.22
_03726_,55.12
_03170_,55.08
_03173_,55
_03426_,54.98
_05646_,54.92
_02731_,54.86
_03444_,54.84
_03961_,54.74
_00184_,54.52
_04328_,54.445
_02356_,54.44
_03916_,54.44
_00036_,54.42
_02683_,54.4
_04044_,54.36
_01098_,54.3
_05451_,54.28
_00317_,54.26
_00738_,54.26
_00633_,54.2
_01827_,54.2
_00972_,54.18
_04002_,54.12
net171,54.02
_01716_,54
_01751_,53.92
_05684_,53.88
_04014_,53.855
_04086_,53.855
_03743_,53.82
_04315_,53.64
_03883_,53.62
_05556_,53.58
_04022_,53.56
_04388_,53.52
_04689_,53.52
_05561_,53.52
_00292_,53.38
_02952_,53.38
_05272_,53.32
_02607_,53.3
_03741_,53.18
_01411_,53.12
_01848_,53.1
_05389_,53.1
_02715_,53.04
_02284_,52.94
_03073_,52.92
_00589_,52.84
_02740_,52.84
_05159_,52.82
_05216_,52.76
net261,52.76
_03965_,52.68
_01270_,52.62
_01709_,52.59
_04600_,52.56
_03783_,52.46
_01876_,52.44
_05016_,52.34
_01506_,52.28
_03770_,52.215
_03823_,52.2
_04185_,52.18
_04789_,52.18
_02224_,52.16
_03290_,52.1
_04293_,52.1
_01015_,52.04
_01014_,52.02
_05474_,52.02
_02225_,51.92
net325,51.91
_00211_,51.785
_02009_,51.72
_00049_,51.58
_03533_,51.58
_05381_,51.58
_01806_,51.48
_01300_,51.38
_01322_,51.38
_04202_,51.34
_04313_,51.3
_00109_,51.26
_04433_,51.26
_01456_,51.2
_01484_,51.2
_01607_,51.18
_05576_,51.14
_02869_,51.04
_02714_,51.035
_00740_,50.92
_03897_,50.8
_04419_,50.8
_01276_,50.78
_03068_,50.73
_03849_,50.72
_01217_,50.67
_03044_,50.66
_04175_,50.66
_00857_,50.64
_03855_,50.635
_02283_,50.62
_04669_,50.62
_05190_,50.62
_01404_,50.58
_03005_,50.56
_00147_,50.54
_02217_,50.54
_02002_,50.535
_04171_,50.48
_03968_,50.42
_03406_,50.38
_04336_,50.38
_03484_,50.365
_00006_,50.335
_04532_,50.32
_02737_,50.26
_00422_,50.24
_03976_,50.24
_03037_,50.2
_04577_,50.035
_04446_,50.02
_02434_,49.96
_02870_,49.78
_00545_,49.76
_01576_,49.68
_05291_,49.68
_02216_,49.5
_02756_,49.5
_00539_,49.46
_03041_,49.46
_01560_,49.38
_01519_,49.37
_02905_,49.36
_04573_,49.36
_00651_,49.28
_01574_,49.26
_02359_,49.08
_04210_,49.06
_04279_,49.06
_01804_,49.02
_01165_,48.98
_02891_,48.98
_01254_,48.9
_00637_,48.88
_03567_,48.82
_04117_,48.8
_02528_,48.78
_01875_,48.62
_02760_,48.6
_01825_,48.58
_00717_,48.54
_05248_,48.5
_05529_,48.5
_01117_,48.48
_03043_,48.475
_05455_,48.46
net244,48.44
_01349_,48.42
_05518_,48.4
_02253_,48.39
_04307_,48.38
_02028_,48.32
_03049_,48.28
_01478_,48.14
_01133_,47.92
_05085_,47.9
_05478_,47.9
_01984_,47.82
_04312_,47.78
_04597_,47.76
_00124_,47.64
_04644_,47.64
_05479_,47.62
_05604_,47.62
_00909_,47.54
_01406_,47.43
_04006_,47.34
_01107_,47.32
_04463_,47.32
_02608_,47.24
_01843_,47.22
_03601_,47.21
_01092_,47.2
_00804_,47.18
_00388_,47.1
_05178_,47.08
_04176_,47.04
_00333_,47.02
_04387_,47.02
_03193_,47
_01457_,46.98
_02218_,46.98
_02887_,46.98
_04354_,46.98
_00735_,46.96
_00536_,46.94
_00557_,46.94
_04451_,46.94
_03920_,46.9
_00946_,46.86
_00992_,46.8
_01115_,46.76
_00113_,46.68
_01817_,46.68
_01649_,46.64
_01407_,46.6
_04383_,46.44
_02106_,46.42
_03369_,46.34
_01440_,46.3
_03891_,46.28
_03146_,46.22
_01390_,46.2
_01842_,46.18
_00131_,46.08
_00582_,46.06
_05558_,46.04
_02937_,46.02
_01940_,46
_03259_,46
_02782_,45.94
_04219_,45.885
_04331_,45.84
_05091_,45.84
_00210_,45.82
_00501_,45.8
_01129_,45.8
_01016_,45.68
_01138_,45.64
_03663_,45.64
_01578_,45.62
_04871_,45.6
_01285_,45.58
net126,45.56
_04319_,45.46
_02062_,45.4
_02455_,45.36
_04525_,45.36
_04758_,45.26
_05105_,45.26
_04360_,45.24
_03485_,45.205
_02750_,45.2
_04019_,45.16
_02901_,45.14
_04169_,45.14
_03465_,45.06
_04533_,45.04
_03512_,45.005
_01025_,44.98
_02116_,44.98
_00260_,44.94
_01113_,44.86
_02067_,44.86
_05665_,44.84
_03772_,44.835
_04643_,44.76
_03028_,44.72
_03644_,44.66
_05326_,44.42
_04265_,44.3
_05547_,44.24
_00279_,44.18
_02853_,44.16
_03586_,44.1
_04502_,44.09
_04111_,44.04
_04957_,44.04
_04365_,43.92
_05501_,43.915
_03766_,43.9
_03769_,43.88
_03519_,43.84
_05005_,43.84
_04263_,43.8
_04847_,43.8
_03095_,43.77
_00322_,43.76
_02793_,43.76
_04423_,43.76
_01166_,43.74
_00013_,43.68
net190,43.66
_04994_,43.64
_00341_,43.61
_02015_,43.48
_05007_,43.46
_04234_,43.44
_04161_,43.42
_05503_,43.42
_05257_,43.38
_03724_,43.3
_05520_,43.27
_01894_,43.24
_05090_,43.16
_05401_,43.16
_03862_,43.15
_02915_,43.1
_03584_,43.06
_04598_,43.06
_03980_,42.98
_05628_,42.98
_00121_,42.96
_01473_,42.96
_04507_,42.9
_02426_,42.88
_02717_,42.88
_03225_,42.88
_04339_,42.8
_04702_,42.78
_00570_,42.75
_05138_,42.68
_03604_,42.66
_00731_,42.655
net274,42.64
_01531_,42.6
_03486_,42.54
_02585_,42.43
_01011_,42.4
_02783_,42.38
_03915_,42.36
_04559_,42.34
_04826_,42.32
_04527_,42.3
_04793_,42.3
_04005_,42.28
_04124_,42.22
_00996_,42.18
_04624_,42.18
_03940_,42.16
_01333_,42.12
_01966_,42.08
_05450_,42.06
_05183_,42.02
_03194_,42
_02164_,41.98
_00503_,41.94
_03820_,41.94
_01010_,41.91
_00530_,41.9
_05102_,41.78
_03959_,41.68
_00331_,41.66
_02145_,41.66
_02780_,41.66
_03344_,41.58
_00543_,41.54
_03299_,41.52
_04787_,41.5
_04681_,41.48
_03192_,41.44
_05513_,41.42
_02545_,41.41
_01879_,41.4
_04580_,41.34
_03415_,41.3
_01429_,41.28
_04190_,41.23
_01845_,41.16
_03328_,41.12
_05306_,41.12
_00010_,41.08
_03464_,41.04
_04845_,41.04
_03550_,41.025
_00809_,41.02
_02575_,40.96
_01366_,40.9
_02042_,40.9
_02220_,40.9
_04868_,40.685
_02808_,40.66
_03761_,40.66
_01796_,40.64
_01176_,40.62
_04521_,40.61
_01818_,40.58
_01035_,40.515
_02416_,40.48
_01577_,40.42
_05348_,40.4
_05516_,40.4
_01529_,40.38
_01828_,40.38
_01320_,40.37
_01474_,40.32
_04102_,40.32
_04143_,40.28
_01292_,40.255
_03585_,40.235
_02739_,40.2
_04731_,40.12
_04421_,40.095
_00381_,40.06
_03181_,40.06
_01787_,40.04
_01305_,40.02
_00453_,40
_02603_,40
_04317_,40
_04399_,39.98
_01913_,39.92
_00209_,39.91
_04523_,39.9
_05044_,39.88
_04497_,39.86
_05035_,39.855
_00733_,39.84
_04621_,39.82
_01290_,39.8
_00514_,39.78
_01596_,39.72
_01834_,39.67
_00198_,39.62
_00728_,39.6
_04278_,39.6
_02926_,39.56
_00506_,39.54
_00161_,39.52
_00769_,39.52
_02014_,39.5
_03721_,39.44
_00024_,39.42
_03798_,39.38
_04687_,39.38
_04436_,39.34
_01735_,39.31
_00862_,39.29
_00652_,39.28
_03552_,39.28
_01642_,39.26
_04650_,39.24
_04294_,39.2
_01296_,39.18
_01638_,39.1
_04500_,39.04
_03789_,39.005
_01911_,39
_04836_,39
_00126_,38.98
_03251_,38.98
_04321_,38.98
_05560_,38.975
_01012_,38.95
_04131_,38.915
net317,38.84
_02663_,38.82
net284,38.82
_03548_,38.8
_03723_,38.8
_04427_,38.775
_03407_,38.74
_00112_,38.72
_01485_,38.62
_03214_,38.62
_00316_,38.6
_04823_,38.58
_03653_,38.56
_03806_,38.56
_01568_,38.5
_03104_,38.5
_05316_,38.5
_00117_,38.46
_04277_,38.46
_01947_,38.44
_02872_,38.42
_03329_,38.42
_04274_,38.4
_02685_,38.38
_05283_,38.38
_01727_,38.37
_04503_,38.34
_03928_,38.32
_04218_,38.32
_02848_,38.3
_04538_,38.3
_03497_,38.28
_05355_,38.28
_02087_,38.26
_02778_,38.26
_04382_,38.26
_01324_,38.24
_00858_,38.22
_03543_,38.22
_04113_,38.22
_01691_,38.2
_00864_,38.16
_03257_,38.16
_00413_,38.12
_01880_,38.12
_01895_,38.08
_00587_,38.06
_03622_,38.025
_05059_,37.94
_01496_,37.9
_04783_,37.88
_02885_,37.86
_00859_,37.84
_04608_,37.84
_00555_,37.82
_05537_,37.82
_02604_,37.795
_01158_,37.72
_03469_,37.72
_03529_,37.71
_01715_,37.69
_05433_,37.68
_05572_,37.68
_03175_,37.58
_00007_,37.56
_03048_,37.56
_00221_,37.54
_05591_,37.54
_05694_,37.54
_00535_,37.5
_02998_,37.495
_03528_,37.46
_04444_,37.46
_00806_,37.385
_00217_,37.38
_01314_,37.36
_01745_,37.36
_01933_,37.36
_03884_,37.34
_05667_,37.34
_01688_,37.28
_01634_,37.26
_00140_,37.24
_05487_,37.24
_02340_,37.22
_04640_,37.2
_02280_,37.12
_02435_,37.1
_05369_,37.1
_04087_,37.06
_00592_,37.02
_03383_,37.02
_00585_,36.94
_02115_,36.94
_03646_,36.94
_04080_,36.94
_04700_,36.88
_02784_,36.87
_01126_,36.84
_01608_,36.82
_00956_,36.78
_03007_,36.77
_01482_,36.76
_03283_,36.76
_05001_,36.73
_04675_,36.66
_01695_,36.65
_01175_,36.64
_02103_,36.56
_00520_,36.495
_04666_,36.42
net322,36.42
_00746_,36.4
_01372_,36.4
_03899_,36.38
_04000_,36.38
_03428_,36.36
_01870_,36.28
_02515_,36.26
_04562_,36.24
_01156_,36.225
_04501_,36.18
_00159_,36.1
_01401_,36.08
_02744_,36.08
_02298_,36.06
_03608_,36.06
_00449_,36.02
_03050_,36.02
_04980_,36.02
_05195_,36.02
_04651_,36
_00936_,35.96
_03655_,35.94
_00162_,35.92
_02244_,35.92
_03973_,35.885
_04510_,35.88
_03595_,35.84
_00020_,35.82
_02693_,35.76
_03148_,35.74
_03774_,35.725
_00789_,35.72
_01003_,35.68
_04755_,35.68
_02716_,35.66
_04610_,35.62
_05588_,35.56
_02130_,35.54
_00451_,35.5
_04089_,35.46
_05432_,35.46
_01316_,35.38
_01521_,35.38
_05505_,35.38
_02123_,35.37
_01557_,35.36
_04972_,35.34
_01822_,35.32
_01461_,35.31
_04009_,35.31
_00741_,35.3
_02277_,35.26
_03906_,35.26
_04174_,35.24
_01120_,35.22
_01507_,35.22
_04707_,35.22
_01369_,35.2
_02910_,35.2
_05294_,35.2
_01295_,35.16
_04734_,35.16
_02775_,35.14
_03886_,35.14
_01928_,35.12
_01044_,35.08
_03853_,35.07
net218,35.05
_02824_,35.02
_03613_,35.02
_01689_,35
_01535_,34.96
_05565_,34.94
_00460_,34.92
_00736_,34.92
_05004_,34.91
_04172_,34.9
_00261_,34.89
_02540_,34.88
_05362_,34.86
_00672_,34.72
_03008_,34.72
_04949_,34.72
_00943_,34.7
_02347_,34.7
_01633_,34.68
_02882_,34.66
_03592_,34.66
_01622_,34.64
_03226_,34.64
_05634_,34.64
_01307_,34.63
_05605_,34.62
_01089_,34.54
_01585_,34.51
_01381_,34.42
_00901_,34.4
_02339_,34.4
_00920_,34.36
_05633_,34.34
_01971_,34.32
_03687_,34.32
_04513_,34.32
_02026_,34.3
_05079_,34.3
_01013_,34.295
_00811_,34.26
_02386_,34.26
_03969_,34.26
_04722_,34.25
_05209_,34.24
_03300_,34.2
_01444_,34.18
_05010_,34.18
_04252_,34.14
_03935_,34.1
_00302_,34.08
_02819_,34.06
_02928_,33.99
_03442_,33.96
_04334_,33.96
_04476_,33.96
_03631_,33.94
_00315_,33.93
_04693_,33.915
_00002_,33.9
_01538_,33.9
_04453_,33.9
_03919_,33.88
_04673_,33.88
_04952_,33.88
_05347_,33.88
_00335_,33.87
_03851_,33.84
_00645_,33.82
_03157_,33.8
_00111_,33.76
_01451_,33.76
_03633_,33.76
_01230_,33.68
_05357_,33.68
_05365_,33.68
_05493_,33.66
_04965_,33.64
_03312_,33.6
_05653_,33.6
net197,33.6
_02735_,33.56
_01541_,33.52
_02027_,33.5
_04267_,33.5
_04616_,33.5
_00065_,33.48
_05143_,33.46
_05674_,33.46
_00653_,33.44
_01308_,33.34
_02797_,33.34
_01710_,33.3
_02841_,33.295
_03859_,33.26
_01650_,33.22
_03303_,33.2
_00383_,33.18
_04677_,33.18
_05048_,33.18
_05669_,33.16
_03536_,33.14
_00632_,33.12
_04966_,33.12
_01882_,33.08
_00928_,33.06
_05379_,33.06
_01264_,33.02
_03298_,32.98
_05023_,32.96
_02005_,32.94
_05134_,32.92
_05227_,32.9
_00599_,32.88
_01641_,32.875
_01106_,32.84
_04554_,32.84
_04627_,32.83
_00673_,32.82
_03651_,32.82
_00958_,32.76
_04230_,32.74
_04796_,32.74
_04799_,32.72
_04425_,32.69
_00417_,32.68
_03564_,32.65
_01244_,32.62
_00018_,32.61
_03232_,32.58
_02563_,32.56
_00107_,32.51
_01334_,32.5
_05475_,32.5
_04412_,32.44
_05602_,32.42
_05661_,32.4
_01362_,32.38
_01536_,32.38
_00993_,32.36
_02437_,32.36
_02678_,32.34
_00596_,32.32
_01831_,32.3
_04418_,32.26
_04164_,32.16
_04405_,32.16
_04099_,32.15
_01905_,32.14
_04606_,32.14
_04754_,32.14
_00014_,32.12
_01265_,32.1
_02013_,32.1
_02092_,32.08
_03342_,32.08
_01213_,32.06
_05415_,32.06
_05435_,32.04
_03245_,32.02
_00628_,32
_03278_,31.99
_04345_,31.975
_02022_,31.94
_03904_,31.92
_04659_,31.92
_04686_,31.92
net222,31.91
_04068_,31.9
_02599_,31.86
_02992_,31.85
_02407_,31.84
_00715_,31.8
_05368_,31.8
net198,31.78
_04588_,31.76
_02918_,31.74
_03134_,31.71
_04791_,31.7
_05439_,31.7
_03861_,31.68
_00988_,31.66
_04974_,31.66
net211,31.63
_04807_,31.62
_04986_,31.62
_05562_,31.6
_04052_,31.58
_01584_,31.54
_00905_,31.52
_00941_,31.52
_00720_,31.46
_01514_,31.46
_00527_,31.42
_01652_,31.41
_00118_,31.4
_00583_,31.34
_04576_,31.34
_04765_,31.32
_00363_,31.24
_02938_,31.24
_04355_,31.24
_01532_,31.22
_05176_,31.22
_01380_,31.2
net193,31.2
_00663_,31.18
_04614_,31.165
_00290_,31.16
_03014_,31.14
_05394_,31.14
_00719_,31.1
_01660_,31.1
_00251_,31.04
_01526_,31
_05353_,30.985
_04291_,30.98
_01989_,30.935
_00225_,30.92
_03076_,30.92
_02888_,30.88
_03356_,30.88
_05224_,30.88
_03778_,30.82
_02619_,30.78
_04327_,30.78
net201,30.78
_01076_,30.74
_02771_,30.74
_01665_,30.72
_01030_,30.7
_03722_,30.62
_01330_,30.6
_04769_,30.6
_05312_,30.6
_01917_,30.585
_04384_,30.58
_04484_,30.58
_05437_,30.58
_02012_,30.57
_00524_,30.48
_02144_,30.48
_00990_,30.46
_01361_,30.46
_02814_,30.44
_05157_,30.43
_00338_,30.42
_03931_,30.42
_03661_,30.36
_01122_,30.34
_03730_,30.34
_04292_,30.3
_01969_,30.28
_02788_,30.28
_03392_,30.28
_03745_,30.28
_03982_,30.28
_04311_,30.28
_04343_,30.22
_03029_,30.2
_03103_,30.2
_05617_,30.2
_05480_,30.16
_00264_,30.155
_01556_,30.06
_04529_,30.06
_00475_,30.02
_04928_,30
_03126_,29.98
_04413_,29.98
_04432_,29.98
_04508_,29.96
net242,29.92
_04244_,29.91
_03020_,29.88
_04816_,29.86
_01593_,29.85
_01579_,29.84
_00922_,29.81
_00505_,29.78
_01810_,29.78
_03642_,29.78
_00280_,29.76
_00457_,29.74
_01511_,29.74
_01561_,29.74
_03082_,29.74
_02907_,29.7
_03838_,29.7
_03908_,29.7
_02180_,29.66
_02344_,29.66
_04103_,29.655
_01635_,29.62
_00867_,29.6
_03286_,29.6
_04498_,29.6
_04745_,29.58
_04828_,29.5
_05116_,29.5
net343,29.5
_01839_,29.48
_00309_,29.46
_04679_,29.4
_00469_,29.38
_01319_,29.38
_05063_,29.38
_01614_,29.36
_05402_,29.36
_00132_,29.34
_01492_,29.34
_02308_,29.34
_01487_,29.32
_03304_,29.31
_00997_,29.3
_00872_,29.24
_01877_,29.2
_05601_,29.2
_02519_,29.18
_02394_,29.16
_01267_,29.14
_02202_,29.14
_00066_,29.08
_04434_,29.08
_00631_,29.02
_03689_,29.02
_03281_,29
_04925_,28.98
_00714_,28.96
_02687_,28.96
_04540_,28.96
_05246_,28.96
_05504_,28.96
_00448_,28.94
_02558_,28.94
_01968_,28.9
_02562_,28.9
_02456_,28.88
_03546_,28.88
_00256_,28.86
_00500_,28.86
_01554_,28.86
_03729_,28.835
_01636_,28.82
_01873_,28.82
_01956_,28.82
_03067_,28.78
_02309_,28.76
_03093_,28.74
_04020_,28.74
_01524_,28.73
_03557_,28.72
_01341_,28.7
_03842_,28.69
_00584_,28.68
_01275_,28.66
_04776_,28.66
_05614_,28.66
_01190_,28.6
_00418_,28.5
_03710_,28.5
_02162_,28.48
_04060_,28.48
_00281_,28.46
_01711_,28.46
_01881_,28.455
_03472_,28.44
_04815_,28.44
_05660_,28.44
_00245_,28.42
_02291_,28.42
_00616_,28.4
_00861_,28.4
_01812_,28.4
_03938_,28.4
_05473_,28.4
_03182_,28.38
_02625_,28.36
_03937_,28.36
_04506_,28.36
_00722_,28.32
_02684_,28.32
_02549_,28.28
_01479_,28.26
_02479_,28.26
_01867_,28.24
_02264_,28.235
_01477_,28.2
_02605_,28.2
_03829_,28.18
_01017_,28.16
_04714_,28.16
_02752_,28.12
_01472_,28.1
_01936_,28.1
_04017_,28.1
_00916_,28.08
_05259_,28.08
_02439_,28.06
_02486_,28.06
_01712_,28.05
_00729_,28.04
_02006_,28.02
_03431_,28.02
_00134_,28
_01207_,28
_03841_,27.98
_04948_,27.98
_02019_,27.96
_02334_,27.96
_03876_,27.96
_01268_,27.92
_05508_,27.92
_00659_,27.9
_02016_,27.9
_04760_,27.9
_02402_,27.88
_01601_,27.845
_03461_,27.84
_00303_,27.82
_04276_,27.82
_03280_,27.74
_03944_,27.74
_02379_,27.72
_00163_,27.7
_00948_,27.68
_03196_,27.66
_01509_,27.64
_01066_,27.62
_04208_,27.62
_03034_,27.6
_00935_,27.58
_01920_,27.58
_04340_,27.58
_05099_,27.58
_02352_,27.56
_04198_,27.56
_02329_,27.52
_03873_,27.52
_02622_,27.5
_04479_,27.48
_05101_,27.48
_03063_,27.44
_05396_,27.44
_00404_,27.38
_00405_,27.38
_03719_,27.32
_04955_,27.32
_01926_,27.3
_02453_,27.3
_03742_,27.3
_05438_,27.3
_03575_,27.28
_05594_,27.28
_04416_,27.24
_00486_,27.2
_00215_,27.18
_00677_,27.18
_03260_,27.16
_04430_,27.12
_02659_,27.08
_03941_,27.08
_04704_,27.08
_04241_,27.04
_01754_,27.02
_02849_,27.02
_01297_,27
_01427_,27
_02656_,27
_00479_,26.98
_00638_,26.98
_02150_,26.98
_02507_,26.98
_04094_,26.98
_05278_,26.98
_00648_,26.95
_04570_,26.94
_00930_,26.92
_00190_,26.9
_02950_,26.9
_05564_,26.89
_04225_,26.88
_00477_,26.86
_05611_,26.79
_00174_,26.78
_01323_,26.78
_01613_,26.76
_02429_,26.76
_03025_,26.74
_03971_,26.73
_03527_,26.72
_04465_,26.7
_05146_,26.7
_04141_,26.68
_05158_,26.68
_03992_,26.66
_00838_,26.64
_00860_,26.64
_02988_,26.64
_00820_,26.62
_05651_,26.62
_02564_,26.61
_00227_,26.6
_01692_,26.6
_02736_,26.6
_04358_,26.6
_05632_,26.6
_01468_,26.58
_04504_,26.58
_00001_,26.56
_01723_,26.56
_05352_,26.53
_03787_,26.51
_03526_,26.48
_04457_,26.48
_04236_,26.465
_02076_,26.42
_02261_,26.42
_03822_,26.4
_03624_,26.36
_01151_,26.34
_04814_,26.31
_02805_,26.28
_02987_,26.28
_05400_,26.28
_00213_,26.26
_00971_,26.26
_02290_,26.24
_02111_,26.23
_01306_,26.22
_02994_,26.22
_04469_,26.18
_01629_,26.14
_03496_,26.14
_03657_,26.14
_04371_,26.14
_05221_,26.14
_01210_,26.11
_00629_,26.04
_05408_,26.04
_03671_,26.02
_04028_,26.02
_04631_,25.98
_04572_,25.94
_04853_,25.94
_03799_,25.92
_01024_,25.9
_03331_,25.9
_05130_,25.88
_00566_,25.86
_01204_,25.86
_03078_,25.86
_03409_,25.86
_04297_,25.86
_02774_,25.84
_03123_,25.84
_01970_,25.82
_03475_,25.82
_04458_,25.82
_04662_,25.8
_00466_,25.78
_00166_,25.76
_02417_,25.74
_03032_,25.735
_03880_,25.72
_04192_,25.72
_03499_,25.68
_01348_,25.64
_01368_,25.63
_01162_,25.58
_03553_,25.555
_03963_,25.55
_03106_,25.54
_04415_,25.54
_02873_,25.52
_03420_,25.52
_02119_,25.5
_01859_,25.48
_02871_,25.48
_04153_,25.48
_03922_,25.46
_01797_,25.455
net226,25.43
_01239_,25.42
_01498_,25.42
_02056_,25.42
_03180_,25.4
_05629_,25.4
_02781_,25.39
_01954_,25.38
_05110_,25.38
_00196_,25.36
_00502_,25.36
_01152_,25.36
_04031_,25.36
_02468_,25.34
_01263_,25.32
_01450_,25.315
_02647_,25.3
_02153_,25.295
_01471_,25.26
_05403_,25.235
_04625_,25.22
_05360_,25.2
_00766_,25.18
_01539_,25.18
_04246_,25.14
_04999_,25.14
_05670_,25.13
_01443_,25.12
_02097_,25.12
_02505_,25.1
_04084_,25.1
_05142_,25.09
_03514_,25.08
_05066_,25.08
net231,25.065
_03817_,25.03
_00452_,25
_04188_,25
_03902_,24.98
_01433_,24.96
_01547_,24.96
_01409_,24.94
_02867_,24.94
_00640_,24.92
_01068_,24.92
_03402_,24.92
_03792_,24.92
_04318_,24.92
_03292_,24.9
_04023_,24.9
_05186_,24.9
_01223_,24.88
_05139_,24.88
_02538_,24.875
_00721_,24.86
_01975_,24.84
_04569_,24.84
_05069_,24.84
_00212_,24.8
_01374_,24.8
_01445_,24.78
_04303_,24.76
_01504_,24.72
_03518_,24.72
_04696_,24.71
_00973_,24.7
_02235_,24.68
_02348_,24.68
_01412_,24.66
_01161_,24.64
_02874_,24.64
_04409_,24.64
_04442_,24.64
_05314_,24.64
_01488_,24.62
_03199_,24.6
_00266_,24.56
_01476_,24.56
_05359_,24.56
_05056_,24.555
_02807_,24.5
_04081_,24.5
_04180_,24.5
_01599_,24.48
_02823_,24.48
_00468_,24.46
_00726_,24.46
_04905_,24.46
_04915_,24.46
_01188_,24.44
_02489_,24.42
_04332_,24.4
_02148_,24.38
_05213_,24.38
_02200_,24.36
_03384_,24.36
_04410_,24.36
_02433_,24.34
_05630_,24.32
_00214_,24.3
_03988_,24.3
_00325_,24.28
_04788_,24.28
_00382_,24.26
_00696_,24.26
_01143_,24.26
_03656_,24.24
_00011_,24.22
_03419_,24.22
_04690_,24.22
_04630_,24.2
_04466_,24.18
_00246_,24.16
_03270_,24.16
_01157_,24.12
_01072_,24.1
_01630_,24.1
_01618_,24.085
_03629_,24.08
_03821_,24.08
_00307_,24.06
_00326_,24.06
_01811_,24.06
_02198_,24.06
_02312_,24.06
_05194_,24.06
_05385_,24.06
_02908_,24.05
_05068_,24.05
_02207_,24.04
_05076_,24.04
_03150_,24.02
_05202_,24.02
_05507_,24.02
_01160_,24
_03403_,24
_01402_,23.98
_02114_,23.98
_05095_,23.98
_05517_,23.98
net183,23.98
_00022_,23.96
_04568_,23.96
_00386_,23.94
_03264_,23.94
_03481_,23.94
_03547_,23.94
_00127_,23.92
_03129_,23.915
_05274_,23.915
_01462_,23.88
_03837_,23.88
_04393_,23.88
_04474_,23.88
_05595_,23.88
_04611_,23.87
_01631_,23.86
_01713_,23.84
_03202_,23.84
_00926_,23.81
_00369_,23.8
_01994_,23.8
_04245_,23.8
_04876_,23.78
_00961_,23.76
_04475_,23.76
_00054_,23.74
_02679_,23.74
_02875_,23.74
_03125_,23.74
_03473_,23.74
_04184_,23.74
_05192_,23.74
_00634_,23.72
_03434_,23.72
_00021_,23.7
_00370_,23.7
_01130_,23.7
_00481_,23.68
_05664_,23.68
_01198_,23.66
_05404_,23.66
_01428_,23.64
_01527_,23.64
_03868_,23.64
_00705_,23.62
_02485_,23.62
_01237_,23.6
_02018_,23.6
_02077_,23.6
_02694_,23.6
_05043_,23.6
_00336_,23.58
_01914_,23.58
_00697_,23.56
_01546_,23.54
_01919_,23.54
_02979_,23.54
_03903_,23.54
_05170_,23.54
_01271_,23.52
_02792_,23.52
_00012_,23.5
_00027_,23.5
_00576_,23.5
_03142_,23.5
_04665_,23.5
_03544_,23.48
_00455_,23.46
_01422_,23.46
_01653_,23.46
_02341_,23.46
_02470_,23.46
_05606_,23.44
_02811_,23.42
_03551_,23.42
_04109_,23.42
_04595_,23.4
_04637_,23.38
_04757_,23.38
_05663_,23.31
_04932_,23.3
_04356_,23.29
_01537_,23.28
_04603_,23.28
_05229_,23.28
net215,23.28
_05521_,23.26
_00420_,23.24
_01774_,23.24
_04592_,23.24
_02822_,23.22
_04473_,23.22
_05592_,23.22
_02633_,23.2
_01312_,23.18
_03118_,23.18
_05106_,23.18
_05600_,23.18
net203,23.18
_02631_,23.17
_00459_,23.16
_05112_,23.16
_00550_,23.12
_01833_,23.12
_04273_,23.12
_02711_,23.1
_01847_,23.08
_02691_,23.08
_01897_,23.06
_03825_,23.06
_04290_,23.06
_05155_,23.06
_00772_,23.04
_02293_,23.04
_03542_,23.04
_01784_,23.02
_02956_,23.02
_04194_,23.02
_02011_,23
_03390_,23
_03606_,23
_00701_,22.98
_03443_,22.98
_03561_,22.98
_04660_,22.97
_00123_,22.94
_02211_,22.94
_04574_,22.94
_01615_,22.92
_03993_,22.92
_03683_,22.9
_00312_,22.88
_05375_,22.88
_03291_,22.87
_02527_,22.86
_05608_,22.84
_03647_,22.83
_01418_,22.82
_02414_,22.82
_02520_,22.82
_03591_,22.8
_04751_,22.8
_04697_,22.795
_00788_,22.76
_02896_,22.76
_05648_,22.76
_02498_,22.75
_00910_,22.74
_02260_,22.74
_04782_,22.74
_00144_,22.72
_01757_,22.72
_01413_,22.68
_00744_,22.66
_01153_,22.66
_02863_,22.66
_03759_,22.66
_01184_,22.64
_04492_,22.64
_05214_,22.64
_05270_,22.64
_02460_,22.6
_04066_,22.58
_04368_,22.58
_05457_,22.58
_00999_,22.56
_02240_,22.54
_02924_,22.54
_01077_,22.52
_02017_,22.52
_02389_,22.52
_03779_,22.505
_02201_,22.5
_03370_,22.5
_03558_,22.5
_03753_,22.5
_04051_,22.5
_02140_,22.48
_00136_,22.46
_01370_,22.46
_02552_,22.46
_01923_,22.44
_03023_,22.44
_01657_,22.43
_03846_,22.42
_02391_,22.4
_03371_,22.38
_03760_,22.34
_04471_,22.34
_01835_,22.32
_02472_,22.32
_03580_,22.31
_00734_,22.3
_01116_,22.3
_01872_,22.3
_04516_,22.3
_00947_,22.29
_01178_,22.28
_03691_,22.26
_01121_,22.24
_02258_,22.24
_02425_,22.24
_02844_,22.24
_02336_,22.22
_03455_,22.22
_01570_,22.21
_02977_,22.2
_03643_,22.195
_01776_,22.18
_02025_,22.18
_02143_,22.18
_00522_,22.165
_02982_,22.16
_00703_,22.14
_01758_,22.14
_02313_,22.14
_03149_,22.14
_03462_,22.12
_00201_,22.1
_01639_,22.1
_05678_,22.1
net266,22.095
_00359_,22.08
_01090_,22.08
_01773_,22.08
_03962_,22.08
_01102_,22.06
_03218_,22.06
_00257_,22.04
_02215_,22.04
_05107_,22.035
_04363_,22.02
_04653_,22.02
mcand[24],22.02
_00791_,22
_00964_,22
_03261_,22
_03860_,22
_00713_,21.995
_03141_,21.98
_03362_,21.98
_00880_,21.96
_00911_,21.96
_02962_,21.96
_00752_,21.94
_02243_,21.94
_04083_,21.94
_04259_,21.94
_01590_,21.93
_01992_,21.93
_02779_,21.92
_03619_,21.92
_03401_,21.91
_01863_,21.88
_02382_,21.88
_02602_,21.88
_01518_,21.875
_05046_,21.86
_02806_,21.84
_03858_,21.84
_00009_,21.82
_03090_,21.82
_00177_,21.78
_01927_,21.78
_02292_,21.78
_02444_,21.78
_03784_,21.78
_04173_,21.78
_05037_,21.78
_00773_,21.76
_02362_,21.76
_02804_,21.76
_03174_,21.76
_04130_,21.76
_04226_,21.76
_00939_,21.74
_01656_,21.74
_03901_,21.71
_00826_,21.7
_01646_,21.7
_02743_,21.7
_03352_,21.7
_03740_,21.7
_05465_,21.7
_00636_,21.66
_03272_,21.66
_05251_,21.66
_05466_,21.66
_00521_,21.64
_00534_,21.64
_01464_,21.64
_01616_,21.64
_03762_,21.64
_02132_,21.63
_01283_,21.62
_04035_,21.62
_00342_,21.6
_00845_,21.6
_03502_,21.6
_04059_,21.6
_05525_,21.595
_04037_,21.59
net173,21.59
_02842_,21.57
_02611_,21.56
_00141_,21.54
_00903_,21.54
_00953_,21.54
_01101_,21.54
_01821_,21.54
_02802_,21.54
_03200_,21.54
_03314_,21.54
_03830_,21.54
_04910_,21.54
_04097_,21.52
_04310_,21.5
_02638_,21.48
_00079_,21.46
_00160_,21.46
_02546_,21.46
net264,21.46
_03816_,21.44
_02847_,21.42
_03819_,21.4
_05377_,21.4
_05128_,21.39
_02957_,21.38
_05256_,21.38
_02757_,21.36
_00429_,21.34
_00897_,21.34
_03563_,21.34
_00099_,21.32
_01549_,21.32
_04038_,21.32
_05181_,21.32
_01790_,21.3
_01227_,21.28
_01820_,21.26
_01829_,21.26
_01892_,21.26
_02307_,21.26
_03039_,21.26
_04869_,21.26
_02755_,21.25
_03705_,21.24
_03036_,21.22
_04741_,21.22
_03109_,21.205
_01033_,21.2
_02222_,21.2
_03895_,21.2
_05208_,21.2
_02761_,21.18
_04490_,21.18
_02909_,21.16
_04027_,21.16
_00110_,21.135
_01179_,21.12
_01453_,21.12
_01667_,21.12
_02306_,21.12
_05460_,21.12
_04740_,21.11
_02440_,21.1
_04449_,21.1
_02933_,21.08
_03756_,21.08
_04429_,21.08
_01993_,21.07
_01659_,21.06
_01768_,21.06
_03725_,21.06
_04684_,21.06
_01565_,21.04
_00070_,21.03
_03803_,21.02
_00444_,21.01
_01258_,21
_03388_,21
_01004_,20.98
_02502_,20.98
_02651_,20.98
_04048_,20.98
_00462_,20.96
_02210_,20.96
_04284_,20.96
_04680_,20.96
_00445_,20.94
_03999_,20.92
_04657_,20.92
_04774_,20.92
_05607_,20.92
_00108_,20.9
_00114_,20.9
_00841_,20.9
_04582_,20.9
_03669_,20.89
_00276_,20.88
_04494_,20.86
_02940_,20.84
_03733_,20.84
_04295_,20.82
_05333_,20.8
_05117_,20.78
_05685_,20.78
_03913_,20.74
_01655_,20.72
_02214_,20.72
_02369_,20.72
_05103_,20.72
_01686_,20.7
_01844_,20.7
_02266_,20.7
_04114_,20.7
_02274_,20.68
_02634_,20.68
_03045_,20.68
_01172_,20.66
_01840_,20.66
_04692_,20.64
_00044_,20.62
_00718_,20.62
_01245_,20.62
_02223_,20.62
_02703_,20.62
_04320_,20.62
_04341_,20.62
_00202_,20.6
_01029_,20.6
_04203_,20.6
_05241_,20.6
_01737_,20.595
_03534_,20.58
_04150_,20.58
_05548_,20.58
_00247_,20.54
_00683_,20.54
_02818_,20.54
_02852_,20.54
_04118_,20.54
_01611_,20.5
_04763_,20.5
_04804_,20.5
net230,20.5
_00149_,20.48
_04110_,20.48
_05150_,20.48
net191,20.48
_04189_,20.455
_03289_,20.44
_03652_,20.44
_00104_,20.42
_00220_,20.42
_04178_,20.42
_01525_,20.41
_03711_,20.4
_04864_,20.4
_00437_,20.38
_01136_,20.38
_02856_,20.38
_04968_,20.38
_04626_,20.37
_02124_,20.36
_02363_,20.36
_02648_,20.36
_04380_,20.36
_00518_,20.34
_02190_,20.34
_02733_,20.34
_03795_,20.34
_00218_,20.32
_02514_,20.32
_04255_,20.32
_02192_,20.3
_03495_,20.3
_01733_,20.28
_01922_,20.26
_02525_,20.26
_04517_,20.26
_00385_,20.24
_03098_,20.24
_02100_,20.22
_05040_,20.22
_05262_,20.22
_01523_,20.18
_02350_,20.18
_04015_,20.18
_05616_,20.18
_00053_,20.16
_03177_,20.16
_02044_,20.155
_01997_,20.15
_03996_,20.14
_03127_,20.12
_03987_,20.12
_04581_,20.11
_00970_,20.1
_05428_,20.1
_00807_,20.08
_02300_,20.08
_02878_,20.08
_03206_,20.08
_01246_,20.065
_01869_,20.06
_03794_,20.06
_03997_,20.06
_01435_,20.04
_00389_,20.02
_03347_,20.02
_04235_,20.02
_04335_,20.02
_05156_,20.02
_00879_,20
_01394_,19.98
_02168_,19.98
_03942_,19.98
_04215_,19.98
_00706_,19.96
_01226_,19.96
_01654_,19.96
_01328_,19.94
_02521_,19.94
_03105_,19.94
_03326_,19.94
_04200_,19.94
_00606_,19.92
_00979_,19.92
_01177_,19.92
_02418_,19.92
_05351_,19.92
_02099_,19.9
_02412_,19.9
_02612_,19.9
_04163_,19.9
_04691_,19.9
_05179_,19.9
_05189_,19.9
net240,19.875
_00834_,19.86
_01830_,19.86
_03573_,19.86
_02674_,19.84
_02931_,19.84
_03380_,19.84
_04719_,19.84
_00549_,19.82
_00694_,19.82
_01623_,19.82
_01677_,19.82
_01690_,19.82
_02464_,19.82
_04082_,19.82
_05431_,19.82
_00431_,19.8
_02741_,19.8
_04375_,19.795
_02303_,19.78
_03400_,19.78
_00967_,19.76
_04140_,19.76
_04482_,19.76
_00244_,19.74
_01779_,19.74
_03155_,19.74
_04100_,19.74
_00454_,19.72
_05407_,19.72
_05666_,19.705
_00194_,19.7
_03840_,19.7
_04983_,19.7
_01248_,19.68
_02474_,19.68
_02657_,19.68
_02978_,19.66
_04459_,19.66
_04736_,19.66
_05093_,19.66
_01740_,19.65
_04812_,19.64
_04907_,19.64
_00060_,19.62
_01861_,19.62
_01311_,19.6
_01698_,19.6
_04844_,19.59
_00327_,19.58
_03451_,19.58
_03765_,19.58
_05549_,19.58
_00063_,19.56
_01600_,19.545
_02167_,19.54
_02457_,19.54
_04260_,19.54
_04426_,19.54
_05349_,19.54
_00305_,19.52
_01756_,19.52
_02175_,19.52
_03311_,19.5
_03424_,19.5
net227,19.5
_01288_,19.48
_00137_,19.46
_02815_,19.46
_03607_,19.46
_04239_,19.46
_04730_,19.46
_00129_,19.44
_04884_,19.44
_00890_,19.42
_00933_,19.42
_01563_,19.4
_01702_,19.4
_02184_,19.4
_04848_,19.4
_03539_,19.38
_05164_,19.38
_03135_,19.36
_03410_,19.36
_01637_,19.34
_02050_,19.34
_04338_,19.34
_04766_,19.34
_04030_,19.32
_04472_,19.32
_00047_,19.3
_01816_,19.3
_00883_,19.28
_01986_,19.28
_02377_,19.28
_02738_,19.28
_04701_,19.28
_05599_,19.28
_00512_,19.26
_02159_,19.26
_02330_,19.26
_02481_,19.26
_03875_,19.26
_05162_,19.26
_02523_,19.24
_02536_,19.24
_02643_,19.24
_03521_,19.24
_03864_,19.24
_04984_,19.24
_03508_,19.22
_04062_,19.22
_02187_,19.21
_03474_,19.2
_00400_,19.18
_00913_,19.18
_01739_,19.18
_02504_,19.18
_03053_,19.18
_04431_,19.18
_02265_,19.14
_01951_,19.12
_03333_,19.12
_01019_,19.11
_00840_,19.1
_01095_,19.1
_03477_,19.1
_03979_,19.1
_04713_,19.09
_00025_,19.08
_00575_,19.06
_04394_,19.06
_05234_,19.06
_00571_,19.04
_00759_,19.04
_02763_,19.04
_03009_,19.04
_04344_,19.035
_03336_,19.02
_05191_,19.02
_00487_,19
_03159_,19
_02701_,18.98
_03234_,18.98
_03394_,18.98
_04817_,18.98
_01093_,18.96
_01293_,18.96
_03351_,18.96
_00203_,18.94
_00254_,18.94
_00600_,18.94
_01741_,18.94
_02020_,18.94
_04337_,18.94
_01352_,18.92
_01632_,18.92
_05120_,18.92
_02263_,18.91
_00015_,18.9
_01020_,18.9
_01846_,18.9
_03990_,18.9
_04786_,18.9
net200,18.9
_03160_,18.88
_03978_,18.88
_04467_,18.88
_00998_,18.875
_01100_,18.86
_03375_,18.84
_04287_,18.84
_04495_,18.84
_00365_,18.82
_01906_,18.82
_02974_,18.8
_04881_,18.8
_01627_,18.78
_03107_,18.78
_04243_,18.78
_04518_,18.78
_00175_,18.74
_01452_,18.74
_05269_,18.74
_00870_,18.73
_03207_,18.73
_00379_,18.7
_00573_,18.7
_00702_,18.7
_01001_,18.7
_01269_,18.7
_01594_,18.7
_02557_,18.7
_04077_,18.7
_00378_,18.68
_00749_,18.68
_02531_,18.68
_03453_,18.68
_00282_,18.66
_01550_,18.66
_01697_,18.66
_02511_,18.66
_03016_,18.66
_03947_,18.66
_02591_,18.64
_03083_,18.64
_00768_,18.63
_02830_,18.63
_03610_,18.62
_01555_,18.6
_04746_,18.6
_05203_,18.6
net196,18.6
_00490_,18.58
_01410_,18.58
_01985_,18.58
_05206_,18.58
_00523_,18.56
_02796_,18.56
_04129_,18.56
_04558_,18.56
_04695_,18.56
_04895_,18.56
_05458_,18.56
_01144_,18.54
_05511_,18.54
_01055_,18.52
_01569_,18.52
_02986_,18.52
_04078_,18.52
_04455_,18.52
_00241_,18.5
_03137_,18.5
_03566_,18.5
_05680_,18.5
_05366_,18.49
_02876_,18.48
_03545_,18.48
_04126_,18.48
net288,18.48
_01734_,18.47
_03405_,18.46
_03448_,18.46
_03587_,18.46
_05624_,18.46
_01067_,18.44
_01699_,18.44
_01973_,18.44
_03246_,18.44
_03645_,18.44
_04956_,18.44
_05075_,18.44
_05490_,18.44
_03302_,18.42
_03535_,18.415
_00435_,18.41
_01562_,18.4
_03222_,18.4
_00304_,18.38
_05199_,18.38
_03186_,18.37
_00793_,18.36
_02476_,18.36
_03152_,18.36
_03911_,18.36
_04468_,18.36
_04749_,18.36
_02047_,18.34
_03463_,18.34
_03793_,18.34
_04414_,18.33
_00639_,18.32
_01125_,18.32
_03162_,18.32
_04698_,18.32
_05340_,18.32
net269,18.32
_00172_,18.3
_01558_,18.3
_05371_,18.3
_00957_,18.275
_01999_,18.26
_02989_,18.26
_05361_,18.26
_00785_,18.24
_01062_,18.24
_01809_,18.24
_03279_,18.24
_03615_,18.24
_03713_,18.24
_04119_,18.24
_02189_,18.23
_00818_,18.22
_01183_,18.22
_03212_,18.22
_00186_,18.2
_00188_,18.2
_02596_,18.2
_03432_,18.2
_04561_,18.2
_05245_,18.2
_05453_,18.2
_01687_,18.18
_03964_,18.18
_05429_,18.16
_05597_,18.16
_03639_,18.15
_00907_,18.14
_03187_,18.14
_04911_,18.14
_01728_,18.12
_02672_,18.12
_02880_,18.12
_03038_,18.12
_05427_,18.12
_00732_,18.1
_01191_,18.1
_04865_,18.1
net213,18.1
_03393_,18.09
_03143_,18.08
_04207_,18.08
_04526_,18.08
_02366_,18.06
_02410_,18.06
_03569_,18.06
_04938_,18.06
_02697_,18.02
_04470_,18.02
_05149_,18.02
_05237_,18.02
_03397_,18
_03509_,18
net270,18
_01694_,17.98
_02255_,17.98
_03021_,17.98
_03184_,17.98
_05324_,17.98
_01996_,17.975
_02191_,17.975
_02922_,17.965
_00927_,17.96
_01405_,17.94
_02423_,17.94
_05098_,17.94
_02706_,17.9
_03715_,17.9
_05356_,17.9
_03560_,17.895
_02650_,17.88
_03108_,17.88
_04302_,17.88
_02431_,17.87
_02196_,17.865
_00125_,17.86
_00931_,17.86
_04885_,17.86
_04941_,17.86
_05563_,17.86
net331,17.86
_05003_,17.84
_05163_,17.84
_02550_,17.83
_00157_,17.82
_02803_,17.82
_03800_,17.82
_05376_,17.82
_01701_,17.815
_00098_,17.8
_01057_,17.8
_01854_,17.8
_02090_,17.8
_02450_,17.78
_04237_,17.78
_04711_,17.78
_05276_,17.78
_02535_,17.76
_03139_,17.76
_03441_,17.76
_04835_,17.76
_00692_,17.74
_02566_,17.74
_03357_,17.74
_04033_,17.74
_04206_,17.74
_05413_,17.74
_01002_,17.735
_02367_,17.72
_00775_,17.7
_02700_,17.7
_02772_,17.7
_00258_,17.68
_02754_,17.68
_01037_,17.66
_01079_,17.66
_01571_,17.66
_03116_,17.64
_03228_,17.64
_04183_,17.64
_04579_,17.64
_04841_,17.64
_02483_,17.62
_03359_,17.62
_05662_,17.62
_00995_,17.61
_01383_,17.6
_01912_,17.6
_05211_,17.6
_00937_,17.58
_01232_,17.58
_03468_,17.58
_04534_,17.58
_00204_,17.56
_01436_,17.56
_00525_,17.54
_03456_,17.54
_04649_,17.54
_05354_,17.54
_04519_,17.535
_04961_,17.53
_00262_,17.52
_00730_,17.52
_00962_,17.52
_03507_,17.52
_04209_,17.52
_05145_,17.52
net329,17.52
_04557_,17.515
_02829_,17.49
_02801_,17.47
_03042_,17.46
_00569_,17.44
_00846_,17.44
_02057_,17.44
_04861_,17.44
_05172_,17.43
_01201_,17.42
_04069_,17.415
_00028_,17.4
_00380_,17.4
_01885_,17.4
_03161_,17.4
_03361_,17.4
_04166_,17.4
_04565_,17.4
_03275_,17.38
_05393_,17.38
_05440_,17.38
_03377_,17.36
_04039_,17.36
_01661_,17.34
_02577_,17.34
_01375_,17.32
_02209_,17.32
_01475_,17.3
_01749_,17.3
_02722_,17.3
_01108_,17.28
_01279_,17.28
_02199_,17.28
_03065_,17.28
_04764_,17.28
_04918_,17.28
_05609_,17.28
_01544_,17.27
_02708_,17.26
_02973_,17.26
_00003_,17.24
_02696_,17.24
_04122_,17.24
_03227_,17.22
_03346_,17.22
_00579_,17.2
_00842_,17.2
_02086_,17.2
_02430_,17.2
_02658_,17.2
_01208_,17.18
_01363_,17.18
_02465_,17.18
_03966_,17.18
_04367_,17.18
_00031_,17.16
_00805_,17.16
_01302_,17.16
_03240_,17.16
_02288_,17.15
_01202_,17.14
_01234_,17.14
_01391_,17.14
_02623_,17.14
_02927_,17.14
_04357_,17.14
_00004_,17.12
_04808_,17.1
_04854_,17.1
_05061_,17.1
_00062_,17.08
_00568_,17.08
_00680_,17.08
_00376_,17.06
_00812_,17.06
_01393_,17.06
_02094_,17.06
_03040_,17.06
_04936_,17.06
_00959_,17.02
_01294_,17.02
_04647_,17.02
_02305_,17
_00574_,16.98
_00760_,16.98
_00844_,16.98
_02628_,16.98
_03589_,16.98
_01676_,16.965
_03744_,16.96
_05399_,16.96
_00116_,16.95
_01026_,16.94
_01490_,16.94
_03727_,16.94
_03749_,16.94
_03970_,16.94
_02411_,16.93
_04456_,16.92
net180,16.91
_00944_,16.9
_01205_,16.9
_02420_,16.88
_03113_,16.88
_03809_,16.88
_04706_,16.88
_02530_,16.86
_02629_,16.86
_03447_,16.86
_03520_,16.86
_04725_,16.86
_04771_,16.86
_00277_,16.84
_00699_,16.84
_00851_,16.84
_01159_,16.82
_03151_,16.82
_04940_,16.82
_05081_,16.82
_05118_,16.82
_03122_,16.81
_03429_,16.8
_01819_,16.78
_04487_,16.78
_00095_,16.76
_01071_,16.76
_03168_,16.76
_03217_,16.76
_04262_,16.76
_04514_,16.76
_05129_,16.76
_00463_,16.74
_01722_,16.74
_01786_,16.74
_02033_,16.74
_03239_,16.74
_04386_,16.74
_05082_,16.74
_00329_,16.72
_00516_,16.72
_00978_,16.72
_01141_,16.72
_01871_,16.72
_02245_,16.72
_02289_,16.72
_03948_,16.72
_04372_,16.72
_04682_,16.72
_04818_,16.72
_04867_,16.72
_03350_,16.71
_01387_,16.7
_04070_,16.7
_04283_,16.7
_03183_,16.69
_03889_,16.69
_02669_,16.67
_02463_,16.66
_03293_,16.66
_01983_,16.64
_04794_,16.64
_02158_,16.62
_03195_,16.62
_03210_,16.62
_03231_,16.62
_04809_,16.62
_00394_,16.6
_01078_,16.6
_03805_,16.6
_04322_,16.58
_01467_,16.56
_03058_,16.56
_04242_,16.54
_05021_,16.54
_05084_,16.54
_05108_,16.54
_00176_,16.52
_00704_,16.52
_02438_,16.52
_02601_,16.52
_02777_,16.52
_02786_,16.52
_04620_,16.515
_03923_,16.5
_05124_,16.5
_00745_,16.48
_02034_,16.48
_03437_,16.48
_01747_,16.46
_02475_,16.46
_04191_,16.46
_05127_,16.46
_01769_,16.44
_01454_,16.42
_02942_,16.42
_01260_,16.4
_01666_,16.4
_02117_,16.4
_02581_,16.4
_03870_,16.4
_04034_,16.4
_04314_,16.4
_05166_,16.4
_05546_,16.4
_04010_,16.38
_03368_,16.375
_00619_,16.36
_01663_,16.36
_04744_,16.36
_05188_,16.36
_01463_,16.355
_00776_,16.335
_03758_,16.32
_01545_,16.3
_04499_,16.3
_05062_,16.3
_01398_,16.28
_01799_,16.28
_02642_,16.28
_04055_,16.28
_04779_,16.28
_05275_,16.28
_05579_,16.28
net238,16.28
_01123_,16.26
_02151_,16.26
_04253_,16.26
_04728_,16.26
_05573_,16.26
net271,16.26
net326,16.26
_00436_,16.24
_00544_,16.24
_03771_,16.24
_03890_,16.24
_05334_,16.24
_04641_,16.23
_04462_,16.225
_00073_,16.22
_02084_,16.22
_02142_,16.22
_04655_,16.22
_02568_,16.2
_02929_,16.2
_04054_,16.2
_00078_,16.18
_01738_,16.18
_03513_,16.18
_00852_,16.16
_04852_,16.16
_00836_,16.14
_01777_,16.14
_02473_,16.14
_03203_,16.14
_03731_,16.14
_05012_,16.14
_01186_,16.12
_04088_,16.12
_05006_,16.1
_05151_,16.1
_01883_,16.08
_03166_,16.08
_01628_,16.06
_02075_,16.06
_02879_,16.06
_04270_,16.06
_04385_,16.06
_03460_,16.04
_05133_,16.04
_00052_,16.02
_04989_,16.02
_01195_,16
_02324_,15.98
_04071_,15.98
_00698_,15.96
_00885_,15.96
_01522_,15.94
_01731_,15.94
_01791_,15.94
_02332_,15.94
_05654_,15.92
_01347_,15.9
net338,15.9
_00407_,15.88
_01860_,15.86
_00016_,15.84
_01287_,15.84
_01417_,15.84
_01481_,15.84
_01792_,15.84
_03138_,15.84
_04195_,15.84
_04493_,15.84
_00082_,15.83
_02066_,15.82
_02518_,15.82
_03590_,15.82
_03896_,15.82
_00921_,15.8
_00975_,15.8
_01224_,15.8
_02373_,15.8
_03515_,15.8
_03679_,15.8
_04112_,15.8
_04645_,15.8
_05587_,15.8
_00068_,15.78
_01272_,15.76
_03525_,15.76
_03998_,15.76
net303,15.76
_04115_,15.74
_00206_,15.72
_00508_,15.72
_00580_,15.72
_00866_,15.72
_01377_,15.72
_01494_,15.72
_02031_,15.72
_04025_,15.72
_04509_,15.72
_04917_,15.72
_05378_,15.72
_02335_,15.71
_03001_,15.7
_05519_,15.7
product[62],15.7
_00560_,15.69
_01373_,15.68
_01868_,15.68
_02719_,15.68
_03169_,15.68
_03414_,15.68
_04837_,15.68
_05530_,15.68
_01767_,15.66
_02799_,15.66
_00168_,15.64
_00458_,15.64
_04123_,15.64
_05534_,15.64
_01137_,15.62
_00432_,15.6
_00700_,15.6
_01197_,15.6
_03517_,15.6
_03939_,15.6
_05223_,15.6
_01705_,15.58
_00228_,15.56
_00965_,15.56
_02831_,15.56
_04364_,15.55
_01459_,15.54
_03635_,15.54
_04049_,15.52
net272,15.52
net332,15.51
_00456_,15.5
_04282_,15.5
_04619_,15.5
_00877_,15.48
_01084_,15.48
_01173_,15.48
_03059_,15.48
_02675_,15.46
_05578_,15.46
_01298_,15.455
_01513_,15.44
_01955_,15.44
_04137_,15.44
_04768_,15.44
_04134_,15.43
_04923_,15.42
_05679_,15.42
_00847_,15.4
_02499_,15.4
_02704_,15.4
product[42],15.4
net256,15.4
_00604_,15.38
_03185_,15.38
_04615_,15.38
_01235_,15.37
_00286_,15.36
_00323_,15.36
_01148_,15.36
_01726_,15.36
_03140_,15.36
_03588_,15.36
_04053_,15.36
_04962_,15.36
_05052_,15.36
_03597_,15.34
_04329_,15.34
_04723_,15.34
_01765_,15.33
_02662_,15.32
_03358_,15.32
_04132_,15.32
_04233_,15.32
_04628_,15.32
_04825_,15.32
_02970_,15.31
_00817_,15.3
_02588_,15.3
_03750_,15.3
net330,15.3
_02963_,15.29
_00564_,15.28
_02828_,15.28
_00675_,15.26
_01128_,15.26
_01808_,15.26
_02346_,15.26
_03319_,15.26
_04177_,15.26
_04228_,15.26
_04440_,15.26
_05677_,15.26
_01085_,15.25
_02586_,15.24
_03596_,15.24
_03650_,15.24
_04935_,15.24
_01575_,15.22
_04402_,15.22
_04767_,15.22
_04893_,15.22
_02609_,15.2
_01056_,15.18
_04361_,15.18
_00173_,15.16
_00265_,15.16
_03197_,15.16
_04987_,15.16
_05582_,15.16
_00669_,15.14
_00881_,15.14
_02188_,15.14
_03121_,15.14
_04186_,15.135
_04971_,15.135
_03422_,15.13
_03325_,15.12
_00019_,15.1
_00101_,15.1
_03621_,15.1
_04254_,15.1
_05692_,15.075
_04795_,15.06
_05222_,15.06
_02317_,15.04
_03995_,15.04
_05494_,15.03
_00562_,15.02
_01950_,15.02
_02078_,15.02
_02118_,15.02
_03367_,15.02
_03917_,15.02
_05621_,15.02
_01327_,15
_02301_,15
_02539_,15
_02749_,15
_00919_,14.98
_02297_,14.98
_02945_,14.98
_03888_,14.98
_05554_,14.98
_02709_,14.96
_04553_,14.96
_03634_,14.955
_02510_,14.94
_03714_,14.94
_01399_,14.92
_01534_,14.92
_03408_,14.92
_03786_,14.92
_04486_,14.92
_05687_,14.92
_01788_,14.9
_03305_,14.9
_00670_,14.88
_01048_,14.88
_01291_,14.88
_02999_,14.88
_03301_,14.88
_02149_,14.86
_04220_,14.86
_02496_,14.85
_00976_,14.84
_02049_,14.84
_05296_,14.84
_02237_,14.82
_05125_,14.82
_00441_,14.8
_02673_,14.8
_03389_,14.8
_04407_,14.8
_04975_,14.8
_04990_,14.8
_01742_,14.795
_00796_,14.78
_01070_,14.78
_02072_,14.78
_02491_,14.78
_00155_,14.76
_00598_,14.76
_02728_,14.76
_03243_,14.76
_04593_,14.74
_00017_,14.7
_00375_,14.7
_02554_,14.69
_01424_,14.68
_01684_,14.68
_01718_,14.68
_02166_,14.68
_02541_,14.68
_03156_,14.68
_03602_,14.68
_03696_,14.68
_05072_,14.68
_03582_,14.67
_02877_,14.66
_05350_,14.66
_05430_,14.66
_00051_,14.64
_01658_,14.64
_01725_,14.64
_05382_,14.64
_02627_,14.62
_04891_,14.61
_04772_,14.6
_02759_,14.58
_04551_,14.58
_02333_,14.56
_03265_,14.56
_03617_,14.56
_03907_,14.56
_04599_,14.56
_04617_,14.56
_05218_,14.56
_02726_,14.54
_04699_,14.54
net216,14.54
_00148_,14.52
_00393_,14.52
_00649_,14.52
_03630_,14.52
_04663_,14.52
_00823_,14.48
_00863_,14.48
_02286_,14.48
_03755_,14.48
_04441_,14.48
_04443_,14.48
_04656_,14.48
_05268_,14.48
_02820_,14.47
_00825_,14.46
_00986_,14.46
_01145_,14.46
_01400_,14.46
_03452_,14.46
_05058_,14.46
_05243_,14.46
_00320_,14.44
_02680_,14.44
_05096_,14.44
_05025_,14.435
_00135_,14.42
_01430_,14.42
_01668_,14.42
_02139_,14.42
_03337_,14.42
_04428_,14.42
_04991_,14.42
_05481_,14.42
_05626_,14.42
_03636_,14.4
_00366_,14.39
_01096_,14.34
_01231_,14.34
_01707_,14.34
_05071_,14.34
_02328_,14.335
_01595_,14.32
_04205_,14.32
_00100_,14.3
_00591_,14.3
_00891_,14.3
_01925_,14.3
_02165_,14.3
_03522_,14.3
_04211_,14.3
_00091_,14.26
_00567_,14.26
net232,14.255
_03712_,14.24
_00230_,14.22
_03315_,14.22
_03435_,14.22
_05217_,14.22
_00950_,14.2
_02441_,14.2
mcand[13],14.2
mcand[7],14.2
mplier[19],14.2
_00291_,14.18
_05135_,14.16
_01934_,14.14
_04159_,14.14
_05482_,14.14
_01329_,14.12
_05498_,14.12
_00023_,14.1
_00934_,14.1
_01516_,14.1
_02471_,14.1
_04880_,14.1
_04886_,14.1
_05472_,14.1
_04947_,14.095
_05167_,14.095
_04408_,14.08
_04913_,14.08
_05434_,14.08
_02194_,14.07
_02221_,14.06
_02972_,14.06
_04281_,14.03
_04461_,14.03
_03334_,14.025
_01874_,14.02
_03782_,14.02
_01346_,14
_02580_,14
_02948_,14
_03467_,14
_03974_,14
_05531_,14
_00764_,13.98
_01225_,13.98
_01299_,13.98
_01706_,13.98
_02725_,13.98
_04308_,13.98
_04849_,13.98
product[26],13.98
_01386_,13.96
_03188_,13.96
_05109_,13.96
_05168_,13.96
_00650_,13.92
_01255_,13.92
_00434_,13.9
_01548_,13.9
_05067_,13.9
_05087_,13.9
_05358_,13.9
_02718_,13.89
_05309_,13.89
_01952_,13.88
_02532_,13.88
_02893_,13.88
_04158_,13.88
_05543_,13.88
_05236_,13.87
_00994_,13.86
_02030_,13.86
_02071_,13.86
_04021_,13.84
_01218_,13.82
_03345_,13.82
_01174_,13.81
_02275_,13.8
_04483_,13.8
_00419_,13.79
_00008_,13.78
_00088_,13.76
_00476_,13.76
_00822_,13.76
_02817_,13.76
_04216_,13.76
_04264_,13.76
_04522_,13.76
_04187_,13.74
mplier[21],13.74
mplier[22],13.74
_05618_,13.72
_02509_,13.69
_00876_,13.68
_05282_,13.68
_03826_,13.665
_00440_,13.66
_01367_,13.66
_02259_,13.66
_02746_,13.66
_03659_,13.66
_03818_,13.66
_04537_,13.66
_05049_,13.64
net248,13.64
_02730_,13.62
_03898_,13.62
_04179_,13.62
_05154_,13.62
_03892_,13.6
_04820_,13.6
_05034_,13.6
net235,13.6
_01965_,13.575
_00130_,13.56
_03983_,13.56
_00682_,13.54
_02098_,13.54
_04256_,13.54
_04709_,13.54
_04944_,13.54
_00401_,13.52
_02767_,13.52
_02975_,13.52
_03927_,13.52
_03981_,13.52
_03702_,13.505
_00643_,13.5
_00674_,13.5
_01958_,13.5
_00119_,13.44
_02304_,13.44
_04229_,13.44
_02126_,13.43
_00654_,13.42
_03252_,13.42
_03954_,13.42
_04238_,13.42
_04450_,13.42
_05538_,13.42
_01948_,13.4
_02681_,13.4
_04729_,13.4
_05123_,13.4
_00057_,13.38
_00770_,13.38
_00904_,13.38
_02355_,13.38
net124,13.38
_05567_,13.36
_00083_,13.34
_00848_,13.34
_04268_,13.34
_04773_,13.34
_04857_,13.34
net220,13.335
_00096_,13.32
_01586_,13.32
_03164_,13.32
net334,13.32
_05533_,13.315
_00551_,13.3
_01533_,13.3
_02409_,13.3
_00414_,13.28
_01972_,13.28
_02276_,13.26
_05000_,13.24
_00774_,13.22
_04612_,13.22
_04969_,13.22
_01094_,13.2
_03828_,13.2
_05280_,13.2
_05422_,13.2
_00061_,13.18
_01439_,13.18
_01645_,13.18
_02851_,13.18
_03416_,13.18
_03764_,13.18
_01752_,13.165
_02534_,13.16
_00779_,13.14
_03423_,13.14
_05295_,13.14
_00224_,13.12
_03887_,13.12
_05598_,13.12
_04959_,13.1
_05220_,13.1
_00595_,13.08
_01359_,13.08
_02506_,13.08
_03694_,13.08
_00045_,13.06
_02816_,13.06
_03190_,13.06
_03977_,13.06
_03130_,13.05
_01493_,13.04
_01995_,13.04
_02250_,13.04
_02923_,13.04
_04435_,13.04
_04257_,13.01
_03516_,13.005
_02632_,13
_03900_,13
_00222_,12.98
_01318_,12.98
_01998_,12.98
_02085_,12.98
_02131_,12.98
_03031_,12.98
_03790_,12.96
_04032_,12.96
_04325_,12.96
_04985_,12.96
_04012_,12.94
_00216_,12.92
_00273_,12.92
_04832_,12.92
_05260_,12.92
_02268_,12.9
_04890_,12.9
_02195_,12.89
_00064_,12.88
_02073_,12.88
_04678_,12.88
_05286_,12.88
_00647_,12.86
_02349_,12.86
_04222_,12.86
_00425_,12.84
_00594_,12.84
_01063_,12.84
_01775_,12.84
_01893_,12.84
_03198_,12.84
net324,12.84
_00915_,12.82
_03430_,12.82
_01215_,12.8
_04029_,12.8
_02724_,12.77
_00085_,12.76
_02401_,12.76
_03781_,12.76
_04116_,12.76
_04775_,12.76
_01991_,12.745
_02038_,12.74
_05215_,12.74
_04349_,12.735
_00263_,12.72
_01142_,12.72
_01437_,12.72
_02495_,12.72
_03708_,12.72
_04960_,12.72
_00554_,12.7
_01480_,12.7
_05524_,12.7
_05641_,12.7
_01803_,12.695
_01910_,12.68
_03268_,12.66
_03813_,12.66
_04933_,12.66
_00712_,12.64
_00723_,12.64
_05060_,12.64
_05184_,12.64
_05596_,12.64
net295,12.64
_00932_,12.62
_04065_,12.62
_04896_,12.62
product[38],12.62
_02906_,12.61
_00219_,12.6
_00321_,12.6
_05219_,12.6
product[14],12.6
product[60],12.6
_00026_,12.58
_01460_,12.58
_04258_,12.575
_00097_,12.52
_00613_,12.52
_01807_,12.52
_01921_,12.52
_05336_,12.52
_01382_,12.5
_02676_,12.5
_02892_,12.5
_03555_,12.5
_04739_,12.5
_05207_,12.5
_05436_,12.5
_00742_,12.48
_00755_,12.48
_02966_,12.48
_03511_,12.48
_05514_,12.48
_00067_,12.46
_05580_,12.46
_02137_,12.45
_00538_,12.43
_01764_,12.43
_01902_,12.42
_04688_,12.42
_05254_,12.42
_00540_,12.4
_01343_,12.4
_00491_,12.38
net321,12.38
_05570_,12.36
_00000_,12.34
_02500_,12.34
_04240_,12.34
_01021_,12.3
_04280_,12.3
_05153_,12.3
_00655_,12.295
_02939_,12.28
_00661_,12.26
_01023_,12.26
_00480_,12.24
_00644_,12.24
_01624_,12.24
_02273_,12.24
_05477_,12.24
net279,12.24
_02059_,12.22
_05042_,12.22
_02179_,12.21
_03055_,12.19
_03436_,12.18
_04090_,12.18
_05639_,12.18
_05233_,12.175
_02561_,12.16
_03523_,12.16
_03885_,12.16
_04898_,12.16
_04927_,12.16
_05057_,12.16
_05650_,12.16
_00784_,12.14
_01729_,12.14
_03033_,12.14
_04007_,12.14
_04778_,12.14
_00590_,12.12
_01350_,12.12
_02508_,12.12
_02613_,12.12
_03504_,12.12
_04524_,12.12
_00790_,12.08
_04072_,12.08
_02021_,12.07
_02920_,12.06
_04676_,12.06
_00122_,12.04
_01315_,12.04
_03686_,12.04
_04671_,12.04
_04963_,12.04
_05011_,12.04
_03306_,12.02
_03909_,12.02
_05615_,12.02
_00242_,12
_03276_,12
_04642_,12
_02620_,11.99
_00960_,11.98
_00572_,11.96
_00607_,11.94
_02107_,11.94
_03449_,11.94
_04555_,11.94
_00438_,11.92
_03843_,11.92
_04839_,11.92
_05174_,11.92
_02310_,11.9
mplier[12],11.9
mplier[8],11.9
_02773_,11.88
_03471_,11.88
_04135_,11.88
_02331_,11.875
_05443_,11.86
_01789_,11.84
_00886_,11.82
_02610_,11.82
_05495_,11.82
_02649_,11.8
_02951_,11.8
_04437_,11.8
_05264_,11.8
_05619_,11.8
net293,11.8
_00167_,11.78
_01832_,11.78
_01841_,11.78
_02257_,11.78
_02821_,11.78
_02834_,11.78
_04306_,11.78
_04742_,11.78
_03458_,11.775
_00287_,11.76
_02501_,11.74
_05668_,11.74
_01909_,11.72
_03802_,11.72
_04160_,11.72
_05038_,11.72
_00142_,11.7
_03117_,11.7
_04366_,11.7
_04401_,11.7
_05197_,11.7
_05064_,11.685
_01988_,11.68
_03060_,11.68
_05147_,11.68
product[10],11.68
product[17],11.68
product[44],11.68
product[45],11.68
product[46],11.68
product[4],11.68
product[50],11.68
product[52],11.68
product[61],11.68
_00270_,11.66
_01209_,11.66
_01837_,11.66
_03984_,11.66
_05204_,11.66
_01069_,11.64
_02125_,11.64
mplier[9],11.6
_01032_,11.58
_03046_,11.58
_03385_,11.58
_03735_,11.58
_04299_,11.58
_04515_,11.58
_05131_,11.58
_05483_,11.57
_00115_,11.56
_00513_,11.56
_01755_,11.56
_03379_,11.56
mcand[30],11.56
_01124_,11.54
_01908_,11.54
_00145_,11.5
_00982_,11.5
_03395_,11.5
_04756_,11.5
_03056_,11.49
_02314_,11.48
_03958_,11.48
_04777_,11.48
mplier[28],11.48
_02422_,11.44
_04819_,11.44
mcand[15],11.44
mcand[19],11.44
mcand[1],11.44
mcand[27],11.44
mcand[4],11.44
mcand[5],11.44
mplier[23],11.44
mplier[7],11.44
_00093_,11.42
_05682_,11.42
_02342_,11.38
_03878_,11.38
_05088_,11.38
_05506_,11.38
_04168_,11.36
_00597_,11.34
_00777_,11.34
_01517_,11.34
_02826_,11.34
_03167_,11.34
_04806_,11.34
_05285_,11.34
_02574_,11.32
_02946_,11.32
_03003_,11.32
_04937_,11.32
product[63],11.32
_02370_,11.31
_01168_,11.3
_02170_,11.3
_03952_,11.3
_04201_,11.28
_00938_,11.26
_02484_,11.24
_02902_,11.24
_04790_,11.24
_05028_,11.24
_05255_,11.24
_02795_,11.235
_01253_,11.22
_02316_,11.22
_02996_,11.22
_03224_,11.22
_03249_,11.22
_02655_,11.21
_00415_,11.18
_01530_,11.18
_02776_,11.16
_02903_,11.16
_03734_,11.155
_00328_,11.15
_05612_,11.15
_00120_,11.14
_00205_,11.14
_05510_,11.14
_03313_,11.12
_03353_,11.12
_04098_,11.12
_05271_,11.12
_00561_,11.1
_04370_,11.1
_02181_,11.09
_01900_,11.08
_02074_,11.08
_02287_,11.08
_03219_,11.08
_01939_,11.06
_03131_,11.05
_04167_,11.05
_01901_,11.04
_00519_,11.02
_02193_,11.02
_03773_,11.02
mplier[11],11.02
mplier[17],11.02
_00426_,11
_05077_,11
_03728_,10.98
_05031_,10.98
mcand[18],10.98
mplier[3],10.98
_01458_,10.96
_05603_,10.96
_00630_,10.92
_02249_,10.92
_02913_,10.9
_04919_,10.9
_05020_,10.9
_05238_,10.9
_00300_,10.88
_00725_,10.88
_01058_,10.88
_01612_,10.88
_02883_,10.88
_03211_,10.88
_03404_,10.88
_00474_,10.86
_03914_,10.86
_02555_,10.84
_01425_,10.82
_01794_,10.82
_04840_,10.82
_00868_,10.8
_01945_,10.8
_02089_,10.8
_04016_,10.8
_00667_,10.78
_02482_,10.78
_03554_,10.78
_03775_,10.78
_04227_,10.78
_01167_,10.765
_02462_,10.76
_02617_,10.76
_03576_,10.76
_04422_,10.76
_00952_,10.74
_05373_,10.74
_03797_,10.72
_02446_,10.7
_05532_,10.7
_00588_,10.69
_05577_,10.68
mcand[8],10.68
mplier[16],10.68
_02385_,10.67
_02068_,10.66
_02968_,10.66
_04342_,10.66
_00374_,10.64
_03839_,10.64
_03850_,10.64
_04296_,10.64
_04390_,10.64
_00900_,10.62
_02354_,10.62
_03854_,10.62
_05364_,10.62
_05417_,10.62
_02899_,10.59
_02964_,10.58
_03716_,10.58
_03748_,10.58
_04945_,10.58
_04946_,10.58
_04997_,10.58
_02146_,10.56
_03235_,10.56
_01838_,10.54
_03282_,10.54
_05446_,10.54
_05649_,10.54
_03233_,10.52
_04127_,10.52
_00892_,10.5
_01045_,10.5
_02985_,10.5
_04683_,10.5
_05301_,10.5
_00484_,10.48
_02445_,10.46
_03061_,10.46
_05263_,10.46
_05002_,10.44
_01714_,10.42
_03097_,10.42
_05411_,10.42
_04834_,10.4
_05297_,10.4
net217,10.395
_02794_,10.39
_02040_,10.38
_05372_,10.38
_00133_,10.36
_01150_,10.36
_02556_,10.36
_04079_,10.36
_04750_,10.36
_04921_,10.36
_01105_,10.34
_05261_,10.34
_01434_,10.32
_03132_,10.32
_03221_,10.32
_05047_,10.32
_05083_,10.32
_00689_,10.31
_02318_,10.31
_00681_,10.3
_02579_,10.3
_03363_,10.3
_03994_,10.3
_05080_,10.3
_02428_,10.28
_02559_,10.28
_04604_,10.28
_05198_,10.28
_05566_,10.28
_05638_,10.28
_00364_,10.26
_03307_,10.26
_00357_,10.24
_04396_,10.24
net336,10.24
_00377_,10.2
_01332_,10.2
_02267_,10.2
_02443_,10.2
_04125_,10.2
_04727_,10.2
_05024_,10.195
_01448_,10.18
_01670_,10.18
_02406_,10.16
_03738_,10.16
_03796_,10.16
_05173_,10.16
_05367_,10.16
_01388_,10.12
_02241_,10.12
_03936_,10.12
_04842_,10.12
_04954_,10.12
_05337_,10.12
_04056_,10.1
_01515_,10.08
_02589_,10.08
_02614_,10.08
_05265_,10.08
_02698_,10.07
_03704_,10.06
_00678_,10.05
_04613_,10.04
_00869_,10
_02503_,10
_02959_,10
_04018_,10
_05137_,10
_02543_,9.98
_03688_,9.98
product[27],9.98
product[43],9.98
_01626_,9.96
_03498_,9.96
_05317_,9.96
_05492_,9.96
_00507_,9.94
_01967_,9.94
_04978_,9.94
_02522_,9.92
_01392_,9.9
_02881_,9.9
_03318_,9.9
_00433_,9.88
_04979_,9.88
_05235_,9.88
_02569_,9.86
_02630_,9.86
_02734_,9.86
_04477_,9.86
_04648_,9.86
_04821_,9.86
_01693_,9.84
net219,9.84
_01360_,9.82
_01770_,9.8
mcand[0],9.79
_01364_,9.78
_04703_,9.78
_04939_,9.78
_00182_,9.76
_00253_,9.76
_00337_,9.76
_02478_,9.76
_00185_,9.75
_00360_,9.74
_02285_,9.74
_03092_,9.74
_05515_,9.74
net333,9.74
_04801_,9.725
_02270_,9.72
_04784_,9.72
_00711_,9.7
_03972_,9.7
_04672_,9.7
_03241_,9.68
_05182_,9.68
_02415_,9.66
_03263_,9.66
_03620_,9.66
_01724_,9.655
mcand[11],9.65
mplier[27],9.65
_02889_,9.64
net246,9.63
_02967_,9.62
_02971_,9.62
_04324_,9.62
_05018_,9.62
_03308_,9.58
_00056_,9.56
_00005_,9.54
_02448_,9.54
_05097_,9.54
_05461_,9.54
_04822_,9.53
_00833_,9.52
_02003_,9.52
_03494_,9.52
_03654_,9.52
_04829_,9.52
_04943_,9.52
_05032_,9.52
_01899_,9.49
_01256_,9.48
_05613_,9.48
_01763_,9.47
mcand[6],9.45
_01080_,9.44
_02315_,9.44
mplier[5],9.43
_01087_,9.42
_05111_,9.42
_05185_,9.42
_00271_,9.4
_01277_,9.4
_02567_,9.38
_00390_,9.36
_04091_,9.36
_05447_,9.36
net296,9.36
_00497_,9.32
_00889_,9.32
_01212_,9.32
_03295_,9.32
_03391_,9.32
_04362_,9.32
_00656_,9.315
mcand[23],9.31
mplier[2],9.31
_02916_,9.3
_01959_,9.28
_03852_,9.28
_05239_,9.28
_02606_,9.26
_02171_,9.25
_00792_,9.24
_01200_,9.24
_03943_,9.24
_04904_,9.22
_01592_,9.2
_05205_,9.18
_05581_,9.18
mcand[3],9.18
_00353_,9.16
_05122_,9.16
_05169_,9.16
_02169_,9.14
_02582_,9.13
_00622_,9.12
_02653_,9.12
_03571_,9.115
_04609_,9.105
_02343_,9.08
_04982_,9.08
net239,9.08
mcand[9],9.07
_02932_,9.06
_03967_,9.06
_04073_,9.06
_05386_,9.06
_01744_,9.04
_02247_,9.04
_02859_,9.04
_04632_,9.04
_05258_,9.04
_05441_,9.04
_00229_,9.02
_04061_,9.02
_03086_,8.985
_01261_,8.98
_04333_,8.96
product[19],8.96
product[25],8.96
product[32],8.96
product[3],8.96
product[51],8.96
product[57],8.96
_01891_,8.94
_02004_,8.94
_02096_,8.94
_03454_,8.94
net247,8.94
_00691_,8.935
_02621_,8.93
_04398_,8.92
_04607_,8.92
_03322_,8.91
_01189_,8.9
_01746_,8.9
_01717_,8.88
_02670_,8.87
_02449_,8.86
_05414_,8.86
_02668_,8.85
_03064_,8.84
_03648_,8.84
_01953_,8.82
_03114_,8.82
_03632_,8.82
_03788_,8.82
_02138_,8.8
_05444_,8.8
_00671_,8.78
_02833_,8.78
_03220_,8.78
_00146_,8.745
_00757_,8.72
mcand[2],8.72
mplier[13],8.72
mplier[1],8.72
mplier[29],8.72
_01836_,8.7
_02121_,8.7
mplier[30],8.69
_00499_,8.68
_00492_,8.66
_03466_,8.66
_03598_,8.66
_00306_,8.6
_01371_,8.6
_03111_,8.6
_03262_,8.6
_03747_,8.6
_04846_,8.6
_05247_,8.6
net285,8.6
_02095_,8.58
_03285_,8.58
_03681_,8.58
_05544_,8.575
_01930_,8.56
_02900_,8.56
_01043_,8.54
_00289_,8.52
_02311_,8.52
_03062_,8.52
_03600_,8.52
_04567_,8.52
_04661_,8.52
net265,8.52
_01036_,8.5
_03540_,8.5
_00128_,8.48
_00620_,8.48
_03531_,8.48
_01703_,8.46
_02451_,8.46
_03271_,8.46
_03355_,8.46
_05281_,8.46
_01331_,8.44
_01384_,8.44
_04138_,8.44
_00483_,8.42
_02961_,8.42
_00917_,8.4
_00795_,8.39
_01602_,8.38
_04323_,8.38
mcand[16],8.38
mcand[20],8.38
mcand[22],8.38
mcand[26],8.38
_02592_,8.36
_03905_,8.36
_05036_,8.36
_02238_,8.35
_02154_,8.345
_02279_,8.34
_00058_,8.28
_04950_,8.28
_05509_,8.26
mcand[29],8.26
mplier[14],8.26
_01672_,8.24
_02584_,8.24
_03844_,8.24
_04528_,8.24
_04951_,8.24
net234,8.24
_01495_,8.2
_03932_,8.2
_01815_,8.195
_01340_,8.18
_02571_,8.16
_04001_,8.16
_01038_,8.155
_01583_,8.15
_04424_,8.14
_03857_,8.12
_03035_,8.105
_00871_,8.1
_02037_,8.1
_02895_,8.06
_04670_,8.06
product[22],8.04
product[28],8.04
product[49],8.04
product[56],8.04
product[5],8.04
product[6],8.04
_01419_,8.02
_04248_,8.02
_05287_,8.02
_05315_,8.02
_05321_,8.02
_05418_,8.02
product[15],8.01
_01119_,8
_02183_,8
_02766_,8
net194,8
_00191_,7.98
_00250_,7.98
net263,7.98
net339,7.98
_02560_,7.975
_01990_,7.95
mcand[10],7.95
mplier[10],7.95
_00874_,7.94
_02494_,7.94
_03189_,7.94
_05323_,7.94
net306,7.94
_04346_,7.92
_01378_,7.9
_01826_,7.9
_01957_,7.9
_04635_,7.9
net318,7.9
_02917_,7.86
net277,7.86
_03746_,7.84
_05180_,7.82
_01289_,7.8
_03335_,7.8
_01022_,7.78
_01505_,7.78
_02682_,7.78
_03144_,7.78
_03378_,7.78
_05074_,7.78
_02368_,7.76
_05681_,7.74
_04381_,7.69
_03102_,7.68
_04373_,7.68
_04810_,7.68
_05053_,7.68
_00727_,7.66
_02861_,7.66
_03176_,7.66
_04389_,7.66
_00658_,7.64
_01664_,7.64
_01855_,7.64
_01974_,7.64
_05054_,7.64
net341,7.64
_00625_,7.62
_04996_,7.62
_00334_,7.6
_02904_,7.6
_02590_,7.58
_05009_,7.58
_02911_,7.56
_03412_,7.56
_05469_,7.56
net289,7.56
_05119_,7.54
_00743_,7.52
_01034_,7.52
_01103_,7.52
_02953_,7.52
_04359_,7.52
_05496_,7.52
_02127_,7.5
_04400_,7.5
_03088_,7.48
_05690_,7.48
_02353_,7.445
_01961_,7.44
_02934_,7.44
_03242_,7.44
_03662_,7.44
_04460_,7.44
_02380_,7.4
_04566_,7.38
_01000_,7.34
net311,7.34
_04036_,7.32
_05148_,7.32
_02461_,7.3
_00531_,7.265
_01169_,7.24
_03578_,7.24
_04894_,7.24
_05240_,7.24
_02493_,7.22
_03991_,7.22
_02322_,7.21
_03450_,7.21
_02997_,7.2
_03072_,7.2
_03427_,7.2
_00951_,7.195
_02278_,7.195
_01581_,7.18
_02572_,7.16
_02654_,7.14
_03077_,7.14
mcand[28],7.13
_01139_,7.1
_03374_,7.1
_03804_,7.1
_03831_,7.1
_04824_,7.1
_02660_,7.08
_04827_,7.08
_05586_,7.08
_00288_,7.06
_02388_,7.06
_02639_,7.06
_03763_,7.06
net251,7.06
net335,7.06
mcand[25],7.03
product[58],7.01
_03658_,7
_01088_,6.96
_03071_,6.96
_00977_,6.94
_03668_,6.94
_02413_,6.9
_01211_,6.88
net281,6.88
_01814_,6.86
_02357_,6.86
_02452_,6.86
_02598_,6.86
_02635_,6.86
_03692_,6.86
_00298_,6.83
_03871_,6.8
_04454_,6.78
_05249_,6.78
_00478_,6.76
_00781_,6.76
_02397_,6.76
_02404_,6.76
_04652_,6.76
net282,6.76
_00037_,6.74
_00324_,6.74
_02616_,6.74
_00239_,6.72
_01199_,6.72
_02832_,6.72
_04717_,6.72
_05073_,6.72
_05228_,6.72
net291,6.72
_04101_,6.71
_01929_,6.7
_05590_,6.69
_00824_,6.68
_01321_,6.66
_01345_,6.66
_01389_,6.66
_02512_,6.66
_00046_,6.64
_00552_,6.64
_00761_,6.64
_01059_,6.64
_01111_,6.64
_03785_,6.64
_05161_,6.64
net241,6.64
net179,6.62
_02035_,6.61
_00416_,6.6
_00778_,6.6
_01376_,6.6
_02063_,6.6
_03593_,6.6
_03667_,6.6
_03677_,6.6
net125,6.6
net229,6.6
net327,6.6
_02128_,6.58
_05132_,6.54
_01981_,6.525
_01280_,6.52
_03236_,6.52
_03568_,6.52
_03949_,6.52
_04397_,6.48
_01719_,6.44
_04347_,6.44
_05279_,6.44
_05527_,6.44
_03926_,6.43
_04193_,6.42
_05330_,6.42
_02323_,6.4
_03684_,6.4
_04811_,6.4
_03503_,6.36
_02644_,6.32
_03066_,6.32
_03556_,6.32
_05015_,6.32
net253,6.32
_00831_,6.31
mcand[14],6.31
mcand[21],6.31
mplier[4],6.31
_04285_,6.3
_04379_,6.3
_05302_,6.3
_05395_,6.3
_05535_,6.3
_03500_,6.28
_01118_,6.275
_00295_,6.265
_01681_,6.26
_02432_,6.26
_04903_,6.24
product[20],6.21
product[47],6.21
product[7],6.21
_01170_,6.2
_04942_,6.2
_05277_,6.2
net255,6.2
_01206_,6.18
_02371_,6.18
_02424_,6.18
_04916_,6.18
_05462_,6.18
_05488_,6.18
_00984_,6.14
_01772_,6.14
_03382_,6.14
_02248_,6.12
_00541_,6.08
_01813_,6.06
_02798_,6.06
_03577_,6.06
_00923_,6.04
_04953_,5.98
_05171_,5.98
_05673_,5.98
mplier[0],5.97
_01051_,5.96
_05331_,5.96
_03136_,5.94
_04909_,5.94
_03537_,5.92
_05065_,5.86
_05160_,5.86
_05187_,5.86
_05442_,5.86
_01944_,5.85
_02088_,5.85
_00424_,5.84
_01073_,5.84
_02337_,5.84
_03565_,5.84
_04912_,5.84
_05409_,5.84
_05454_,5.84
_01609_,5.82
_02707_,5.8
_04874_,5.8
_02898_,5.78
_01730_,5.77
mplier[6],5.77
mcand[17],5.75
_01942_,5.74
_02661_,5.74
_04797_,5.74
_05104_,5.74
_05652_,5.74
_00724_,5.72
_02921_,5.72
_03678_,5.72
_04348_,5.72
_05089_,5.72
_04735_,5.7
_00517_,5.68
_03698_,5.68
_04858_,5.68
mcand[31],5.65
mplier[18],5.63
_01203_,5.6
_03411_,5.6
_02299_,5.58
_01135_,5.56
product[35],5.53
product[40],5.53
product[41],5.53
product[48],5.53
product[54],5.53
_01053_,5.52
_01540_,5.5
_02825_,5.5
_01982_,5.48
_02272_,5.48
_05226_,5.48
_03693_,5.4
_05489_,5.4
_00528_,5.38
_03244_,5.38
_04803_,5.38
_05374_,5.38
_05522_,5.38
net236,5.38
net249,5.38
net257,5.38
net287,5.38
_05445_,5.36
_00192_,5.34
_00397_,5.34
_02083_,5.34
_02477_,5.34
_02729_,5.34
_03051_,5.34
_05338_,5.34
product[31],5.29
product[55],5.29
_00164_,5.28
_02442_,5.28
_03287_,5.28
_03338_,5.28
_05231_,5.28
_05523_,5.28
net178,5.28
_01851_,5.27
_00797_,5.26
_01250_,5.26
_02023_,5.26
_02295_,5.26
_03754_,5.26
net214,5.26
_00259_,5.22
_01154_,5.22
_03057_,5.22
_05290_,5.22
product[1],5.19
product[24],5.19
product[29],5.19
product[30],5.19
_01878_,5.14
_04838_,5.14
net314,5.14
_00153_,5.06
_00662_,5.04
_01127_,5.04
_02615_,5.02
_02747_,5
mcand[12],4.95
mplier[31],4.95
_04805_,4.94
_05017_,4.94
_05200_,4.94
_01781_,4.92
_02800_,4.92
_03953_,4.92
_04539_,4.92
_05141_,4.92
net177,4.92
net195,4.92
net276,4.92
net308,4.92
_00272_,4.9
_04272_,4.9
_01251_,4.88
_01273_,4.88
_03087_,4.88
_03229_,4.88
_04589_,4.88
_05380_,4.88
net268,4.88
product[0],4.85
product[13],4.85
product[33],4.85
product[8],4.85
_00396_,4.82
_00601_,4.82
_03081_,4.82
net233,4.82
net313,4.82
_00603_,4.8
_02758_,4.8
_03215_,4.8
_04136_,4.8
_04231_,4.8
_04930_,4.8
_05113_,4.8
_05298_,4.8
_05569_,4.8
net280,4.8
net315,4.8
_01621_,4.76
_03128_,4.76
_03372_,4.76
_04583_,4.76
_04674_,4.76
_00181_,4.7
_00756_,4.7
_02565_,4.7
_03284_,4.7
_05092_,4.7
_05126_,4.7
_05165_,4.7
_02421_,4.68
_04860_,4.68
_00226_,4.635
mplier[15],4.61
mplier[24],4.61
product[11],4.61
product[12],4.61
product[34],4.61
product[37],4.61
product[53],4.61
product[59],4.61
_04875_,4.6
_05620_,4.6
_01685_,4.58
_03833_,4.58
_04511_,4.57
_01743_,4.56
_02789_,4.56
_03810_,4.56
_04530_,4.54
_01915_,4.48
_04843_,4.48
_04888_,4.48
_05252_,4.48
_05625_,4.48
_00234_,4.46
_01313_,4.46
_02393_,4.46
_02809_,4.46
_02857_,4.46
_03717_,4.46
_04636_,4.46
_05250_,4.46
net181,4.46
net207,4.46
net262,4.46
net267,4.46
net278,4.46
_00080_,4.42
_00156_,4.42
_00878_,4.42
_00902_,4.42
_02712_,4.42
_02914_,4.42
_02925_,4.42
_04181_,4.42
_05045_,4.42
net328,4.42
_02686_,4.36
_04908_,4.36
_05631_,4.36
_00077_,4.34
_00664_,4.34
_01027_,4.34
_01679_,4.34
_02029_,4.34
_02122_,4.34
_02593_,4.34
_02935_,4.34
_03930_,4.34
_04298_,4.34
_04571_,4.34
_04618_,4.34
_04712_,4.34
_04924_,4.34
_04934_,4.34
_04988_,4.34
_05273_,4.34
_05335_,4.34
mplier[20],4.27
mplier[25],4.27
product[16],4.27
product[18],4.27
product[21],4.27
_04560_,4.24
_05070_,4.24
_02791_,4.22
_04045_,4.22
_00780_,4.14
_02226_,4.14
_02624_,4.14
_05647_,4.12
_01862_,4.1
_02790_,4.1
_00029_,4.02
_00332_,4.02
_02768_,4.02
_03253_,4.02
_05029_,4.02
_05121_,4.02
_00090_,4
_00267_,4
_01281_,4
_01640_,4
_02239_,4
_02578_,4
_02785_,4
_04162_,4
_04535_,4
_04970_,4
_05420_,4
net290,4
_01589_,3.98
_04747_,3.95
mplier[26],3.93
product[23],3.93
product[2],3.93
product[36],3.93
product[39],3.93
product[9],3.93
_04289_,3.9
_04851_,3.9
_04995_,3.9
net307,3.9
_00473_,3.88
_00737_,3.88
_01317_,3.88
_01342_,3.88
_01483_,3.88
_01904_,3.88
_02980_,3.88
_03666_,3.88
_03863_,3.88
_04147_,3.88
_04622_,3.88
_04981_,3.88
_02112_,3.875
_03808_,3.86
net182,3.81
_05050_,3.775
_00593_,3.68
_03989_,3.68
_00621_,3.66
_02537_,3.64
_00339_,3.56
_01442_,3.56
_02395_,3.56
_04411_,3.56
_05452_,3.56
net297,3.56
_01617_,3.54
_02753_,3.54
_03158_,3.54
_03921_,3.54
_04547_,3.54
_04658_,3.54
_04973_,3.54
_05292_,3.54
net210,3.54
net298,3.52
_05449_,3.44
net260,3.44
_01064_,3.42
_01455_,3.42
_02381_,3.42
_02839_,3.42
_04076_,3.42
_04584_,3.42
net243,3.42
_03874_,3.35
net312,3.32
_03530_,3.3
_05230_,3.3
_01489_,3.23
_04902_,3.22
_05212_,3.22
_01551_,3.2
_04578_,3.2
_02365_,3.18
_01543_,3.1
_02269_,3.1
_03250_,3.1
_03479_,3.1
_03869_,3.1
_04170_,3.1
_04247_,3.1
_04733_,3.1
_04882_,3.1
_05193_,3.1
_05623_,3.1
_00055_,3.08
_00482_,3.08
_01336_,3.08
_04199_,3.08
_04353_,3.08
_04591_,3.08
_05177_,3.08
_05244_,3.08
_00489_,3.06
_03010_,3.03
_03482_,3.03
_03706_,3.03
_03956_,3.03
_04352_,2.98
_04639_,2.98
_00296_,2.96
_01446_,2.96
_02046_,2.96
_02053_,2.96
_02135_,2.96
_02488_,2.96
_02845_,2.96
_03248_,2.96
_03476_,2.96
_04304_,2.96
_04708_,2.96
_05267_,2.96
_05363_,2.96
_05644_,2.96
net212,2.96
_02383_,2.89
net176,2.86
net273,2.86
_01564_,2.84
_05196_,2.84
_03757_,2.76
_05144_,2.76
_05232_,2.76
_05289_,2.72
_05115_,2.65
_00180_,2.64
_01214_,2.64
_01326_,2.64
_01937_,2.64
_02587_,2.64
_03266_,2.64
_04594_,2.64
_05014_,2.64
_05078_,2.64
_00464_,2.62
_00763_,2.62
_00875_,2.62
_01358_,2.62
_01761_,2.62
_02109_,2.62
_02360_,2.62
_02702_,2.62
_03910_,2.62
_04204_,2.62
_04452_,2.62
_05392_,2.62
net275,2.62
net292,2.62
net202,2.52
net237,2.52
_00293_,2.5
_00532_,2.5
_00884_,2.5
_00906_,2.5
_01420_,2.5
_01720_,2.5
_02361_,2.5
_02487_,2.5
_03094_,2.5
_03096_,2.5
_03099_,2.5
_03682_,2.5
_04378_,2.5
_04633_,2.5
_04929_,2.5
_05086_,2.5
_05683_,2.5
net221,2.5
_02454_,2.45
_01031_,2.38
_00954_,2.3
_01149_,2.3
_02242_,2.3
_02246_,2.3
_02419_,2.3
_02583_,2.3
_02930_,2.3
_03665_,2.3
_03752_,2.3
_04261_,2.3
_04406_,2.3
_04664_,2.3
_04668_,2.3
_04753_,2.3
_04833_,2.3
_04964_,2.3
_05027_,2.3
_05370_,2.3
net245,2.3
_04485_,2.28
_04575_,2.28
_04856_,2.28
_00618_,2.18
_01963_,2.18
_03609_,2.18
_04145_,2.18
_05242_,2.18
_01054_,2.16
_01415_,2.16
_01857_,2.16
_02039_,2.16
_02294_,2.16
_02326_,2.16
_02665_,2.16
_04646_,2.16
_05094_,2.16
net205,2.16
net209,2.16
_02091_,2.11
_03425_,2.11
_03801_,2.11
_04464_,2.11
_00684_,2.09
_00827_,2.09
_02466_,2.09
_01801_,2.06
_02765_,2.06
_00829_,2.04
_02252_,2.04
_02969_,2.04
_03133_,2.04
_03327_,2.04
_03614_,2.04
_04095_,2.04
_04146_,2.04
_04309_,2.04
_04392_,2.04
_04546_,2.04
_04718_,2.04
_05100_,2.04
_05210_,2.04
_05688_,2.04
net199,2.04
net206,2.04
net225,2.04
_05152_,1.915
_01061_,1.84
_02101_,1.84
_02156_,1.84
_04977_,1.84
_05026_,1.84
_05136_,1.84
_03470_,1.82
net299,1.82
net301,1.82
_00687_,1.72
_01193_,1.72
_04958_,1.72
_05201_,1.72
_00470_,1.7
_00739_,1.7
_00980_,1.7
_01979_,1.7
_02176_,1.7
_02282_,1.7
_03673_,1.7
_04491_,1.7
_04496_,1.7
_04545_,1.7
_05051_,1.7
_05313_,1.7
_05583_,1.7
net250,1.7
net304,1.7
_02533_,1.68
_02048_,1.6
_02526_,1.38
_02762_,1.38
_03075_,1.38
_03089_,1.38
_03918_,1.38
_05039_,1.38
_04266_,1.36
_01325_,1.26
_01924_,1.26
_04992_,1.14
_04351_,1.02
_01678_,0.92
_05657_,0.92
_04041_,0.8
_01866_,0.46
_05528_,0.46
